INSERT INTO public.ad_roles
(id_rol, nombre, deleted)
VALUES
(1, 'ROL_ADMINISTRADOR', '0'),
(2, 'ROL_VENDEDOR', '0'),
(3, 'ROL_SUPERVISOR', '0'),
(4, 'ROL_GERENTE', '0'),
(5, 'ROL_CONTADOR', '0'),
(6, 'ROL_AUXILIAR_CONTABLE', '0'),
(7, 'ROL_PAGADOR', '0'),
(8, 'ROL_COBRADOR', '0'),
(9, 'ROL_TODOS_ROLES', '0');




INSERT INTO public.ad_grupos
(id_grupo, nombre, deleted)
VALUES
(1, 'GRUPO_CONTABILIDAD_OPERATIVO', '0'),
(2, 'GRUPO_CONTABILIDAD_CIERRE', '0'),
(3, 'GRUPO_CONTABILIDAD_SUPERVISION', '0'),
(4, 'GRUPO_VENTAS_OPERATIVO', '0'),
(5, 'GRUPO_VENTAS_SUPERVISOR', '0'),
(6, 'GRUPO_VENTAS_REPORTES', '0'),
(7, 'GRUPO_COMPRAS_OPERATIVO', '0'),
(8, 'GRUPO_COMPRAS_SUPERVISOR', '0'),
(9, 'GRUPO_COMPRAS_REPORTES', '0'),
(10, 'GRUPO_DE_TODOS_LOS_PERMISOS', '0');

INSERT INTO public.ad_permisos
(id_permiso, nombre, permiso, deleted)
VALUES
(1,  'VENTAS FACTURAS CREAR','VT_FC_CR', '0'),
(2,  'VENTAS FACTURAS MODIFCAR PROPIAS','VT_FC_MO_PR','0'),
(3,  'VENTAS FACTURAS MODIFCAR SUCURSALES','VT_FC_MO_SC','0'),
(4,  'VENTAS FACTURAS MODIFCAR TODAS','VT_FC_MO_TD','0'),
(5,  'VENTAS FACTURAS ANULAR PROPIAS','VT_FC_AN_PR', '0'),
(6,  'VENTAS FACTURAS ANULAR SUCURSALES','VT_FC_AN_SC', '0'),
(7,  'VENTAS FACTURAS ANULAR TODAS','VT_FC_AN_TD', '0'),
(8,  'VENTAS FACTURAS ELIMINAR PROPIAS','VT_FC_EL_PR', '0'),
(9,  'VENTAS FACTURAS ELIMINAR SUCURSALES','VT_FC_EL_SC', '0'),
(10,  'VENTAS FACTURAS ELIMINAR TODAS','VT_FC_EL_TD', '0'),
(11,  'VENTAS FACTURAS VER PROPIAS','VT_FC_VR_PR', '0'),
(12,  'VENTAS FACTURAS VER SUCURSALES','VT_FC_VR_SC', '0'),
(13,  'VENTAS FACTURAS VER TODAS','VT_FC_VR_TD', '0'),
(14,  'VENTAS FACTURAS EXPORTAR','VT_FC_EX', '0'),
(15,  'VENTAS FACTURAS IMPORTAR EXCEL','VT_FC_IMEX', '0'),
(16,  'VENTAS NOTAS CREDITO CREAR','VT_NC_CR', '0'),
(17,  'VENTAS NOTAS CREDITO MODIFCAR PROPIAS','VT_NC_MO_PR', '0'),
(18,  'VENTAS NOTAS CREDITO MODIFCAR SUCURSAL','VT_NC_MO_SC', '0'),
(19,  'VENTAS NOTAS CREDITO MODIFCAR TODAS','VT_NC_MO_TD', '0'),
(20,  'VENTAS NOTAS CREDITO ANULAR PROPIAS','VT_NC_AN_PR', '0'),
(21,  'VENTAS NOTAS CREDITO ANULAR SUCURSAL','VT_NC_AN_SC', '0'),
(22,  'VENTAS NOTAS CREDITO ANULAR TODAS','VT_NC_AN_TD', '0'),
(23,  'VENTAS NOTAS CREDITO ELIMINAR PROPIAS','VT_NC_EL_PR', '0'),
(24,  'VENTAS NOTAS CREDITO ELIMINAR SUCURSAL','VT_NC_EL_SC', '0'),
(25,  'VENTAS NOTAS CREDITO ELIMINAR TODAS','VT_NC_EL_TD', '0'),
(26,  'VENTAS NOTAS CREDITO VER PROPIAS','VT_NC_VR_PR', '0'),
(27,  'VENTAS NOTAS CREDITO VER SUCURSAL','VT_NC_VR_SC', '0'),
(28,  'VENTAS NOTAS CREDITO VER TODAS','VT_NC_VR_TD', '0'),
(29, 'VENTAS NOTAS DEBITO CREAR','VT_ND_CR', '0'),
(30, 'VENTAS NOTAS DEBITO MODIFCAR PROPIAS','VT_ND_MO_PR', '0'),
(31, 'VENTAS NOTAS DEBITO MODIFCAR SUCURSAL','VT_ND_MO_SC', '0'),
(32, 'VENTAS NOTAS DEBITO MODIFCAR TODAS','VT_ND_MO_TD', '0'),
(33, 'VENTAS NOTAS DEBITO ANULAR PROPIAS','VT_ND_AN_PR', '0'),
(34, 'VENTAS NOTAS DEBITO ANULAR SUCURSAL','VT_ND_AN_SC', '0'),
(35, 'VENTAS NOTAS DEBITO ANULAR TODAS','VT_ND_AN_TD', '0'),
(36, 'VENTAS NOTAS DEBITO ELIMINAR PROPIAS','VT_ND_EL_PR', '0'),
(37, 'VENTAS NOTAS DEBITO ELIMINAR SUCURSAL','VT_ND_EL_SC', '0'),
(38, 'VENTAS NOTAS DEBITO ELIMINAR TODAS','VT_ND_EL_TD', '0'),
(39, 'VENTAS NOTAS DEBITO VER PROPIAS','VT_ND_VR_PR', '0'),
(40, 'VENTAS NOTAS DEBITO VER SUCURSAL','VT_ND_VR_SC', '0'),
(41, 'VENTAS NOTAS DEBITO VER TODAS','VT_ND_VR_TD', '0'),
(42, 'VENTAS REEMBOLSOS CREAR','VT_RB_CR', '0'),
(43, 'VENTAS REEMBOLSOS MODIFCAR','VT_RB_MO', '0'),
(44, 'VENTAS REEMBOLSOS ANULAR','VT_RB_AN', '0'),
(45, 'VENTAS REEMBOLSOS ELIMINAR','VT_RB_EL', '0'),
(46, 'VENTAS REEMBOLSOS VER','VT_RB_VR', '0'),
(47, 'VENTAS REEMBOLSOS IMPORTAR XML','VT_RB_IMXML', '0'),
(48, 'VENTAS REEMBOLSOS	FACTURAS EXPORTAR','VT_RB_EX', '0'),
(49, 'VENTAS GUIAS REMISION CREAR','VT_GR_CR', '0'),
(50, 'VENTAS GUIAS REMISION	MODIFCAR PROPIAS','VT_GR_MO_PR', '0'),
(51, 'VENTAS GUIAS REMISION	MODIFCAR SUCURSAL','VT_GR_MO_SC', '0'),
(52, 'VENTAS GUIAS REMISION	MODIFCAR TODAS','VT_GR_MO_TD', '0'),
(53, 'VENTAS GUIAS REMISION	ANULAR PROPIAS','VT_GR_AN_PR', '0'),
(54, 'VENTAS GUIAS REMISION	ANULAR SUCURSAL','VT_GR_AN_SC', '0'),
(55, 'VENTAS GUIAS REMISION	ANULAR TODAS','VT_GR_AN_TD', '0'),
(56, 'VENTAS GUIAS REMISION	ELIMINAR PROPIAS','VT_GR_EL_PR', '0'),
(57, 'VENTAS GUIAS REMISION	ELIMINAR SUCURSAL','VT_GR_EL_SC', '0'),
(58, 'VENTAS GUIAS REMISION	ELIMINAR TODAS','VT_GR_EL_TD', '0'),
(59, 'VENTAS GUIAS REMISION	VER PROPIAS','VT_GR_VR_PR', '0'),
(60, 'VENTAS GUIAS REMISION	VER SUCURSAL','VT_GR_VR_SC', '0'),
(61, 'VENTAS GUIAS REMISION	VER TODAS','VT_GR_VR_TD', '0'),
(62, 'VENTAS GUIAS REMISION	EXPORTAR','VT_GR_EX', '0'),
(63, 'VENTAS PEDIDOS CREAR','VT_PD_CR', '0'),
(64, 'VENTAS PEDIDOS MODIFCAR PROPIAS','VT_PD_MO_PR', '0'),
(65, 'VENTAS PEDIDOS MODIFCAR SUCURSAL','VT_PD_MO_SC', '0'),
(66, 'VENTAS PEDIDOS MODIFCAR TODAS','VT_PD_MO_TD', '0'),
(67, 'VENTAS PEDIDOS ELIMINAR PROPIAS','VT_PD_EL_PR', '0'),
(68, 'VENTAS PEDIDOS ELIMINAR SUCURSAL','VT_PD_EL_SC', '0'),
(69, 'VENTAS PEDIDOS ELIMINAR TODAS','VT_PD_EL_TD', '0'),
(70, 'VENTAS PEDIDOS VER PROPIAS','VT_PD_VR_PR', '0'),
(71, 'VENTAS PEDIDOS VER SUCURSAL','VT_PD_VR_SC', '0'),
(72, 'VENTAS PEDIDOS VER TODAS','VT_PD_VR_TD', '0'),
(73, 'VENTAS PEDIDOS EXPORTAR','VT_PD_EX', '0'),
(74, 'VENTAS RETENCIONES CREAR','VT_RT_CR', '0'),
(75, 'VENTAS RETENCIONES MODIFCAR PROPIAS','VT_RT_MO_PR', '0'),
(76, 'VENTAS RETENCIONES MODIFCAR SUCURSAL','VT_RT_MO_SC', '0'),
(77, 'VENTAS RETENCIONES MODIFCAR TODAS','VT_RT_MO_TD', '0'),
(78, 'VENTAS RETENCIONES ELIMINAR PROPIAS','VT_RT_EL_PR', '0'),
(79, 'VENTAS RETENCIONES ELIMINAR SUCURSAL','VT_RT_EL_SC', '0'),
(80, 'VENTAS RETENCIONES ELIMINAR TODAS','VT_RT_EL_TD', '0'),
(81, 'VENTAS RETENCIONES VER PROPIAS','VT_RT_VR_PR', '0'),
(82, 'VENTAS RETENCIONES VER SUCURSAL','VT_RT_VR_SC', '0'),
(83, 'VENTAS RETENCIONES VER TODAS','VT_RT_VR_TD', '0'),
(84, 'VENTAS RETENCIONES EXPORTAR','VT_RT_EX', '0'),
(85, 'VENTAS CLIENTES GRUPOS CREAR','VT_CG_CR', '0'),
(86, 'VENTAS CLIENTES GRUPOS MODIFCAR','VT_CG_MO', '0'),
(87, 'VENTAS CLIENTES GRUPOS ELIMINAR','VT_CG_EL', '0'),
(88, 'VENTAS CLIENTES GRUPOS VER','VT_CG_VR', '0'),
(89, 'VENTAS COTIZACIONES CREAR','VT_CO_CR', '0'),
(90, 'VENTAS COTIZACIONES MODIFCAR PROPIAS','VT_CO_MO_PR', '0'),
(91, 'VENTAS COTIZACIONES MODIFCAR SUCURSAL','VT_CO_MO_SC', '0'),
(92, 'VENTAS COTIZACIONES MODIFCAR TODAS','VT_CO_MO_TD', '0'),
(93, 'VENTAS COTIZACIONES ELIMINAR PROPIAS','VT_CO_EL_PR', '0'),
(94, 'VENTAS COTIZACIONES ELIMINAR SUCURSAL','VT_CO_EL_SC', '0'),
(95, 'VENTAS COTIZACIONES ELIMINAR TODAS','VT_CO_EL_TD', '0'),
(96, 'VENTAS COTIZACIONES VER PROPIAS','VT_CO_VR_PR', '0'),
(97, 'VENTAS COTIZACIONES VER SUCURSAL','VT_CO_VR_SC', '0'),
(98, 'VENTAS COTIZACIONES VER TODAS','VT_CO_VR_TD', '0'),
(99, 'VENTAS COTIZACIONES EXPORTAR','VT_CO_EX', '0'),
(100, 'VENTAS VENDEDORES CREAR','VT_VE_CR', '0'),
(101, 'VENTAS VENDEDORES MODIFCAR','VT_VE_MO', '0'),
(102, 'VENTAS VENDEDORES ELIMINAR','VT_VE_EL', '0'),
(103, 'VENTAS VENDEDORES VER','VT_VE_VR', '0'),
(104, 'VENTAS ZONAS CREAR','VT_ZO_CR', '0'),
(105, 'VENTAS ZONAS MODIFCAR','VT_ZO_MO', '0'),
(106, 'VENTAS ZONAS ELIMINAR','VT_ZO_EL', '0'),
(107, 'VENTAS ZONAS VER','VT_ZO_VR', '0'),
(108,'VENTAS CLIENTES PARAMETROS CREAR','VT_CP_CR', '0'),
(109,'VENTAS CLIENTES PARAMETROS MODIFCAR','VT_CP_MO', '0'),
(110,'VENTAS CLIENTES PARAMETROS ELIMINAR','VT_CP_EL', '0'),
(111,'VENTAS CLIENTES PARAMETROS VER','VT_CP_VR', '0'),
(112, 'COMPRAS COMPRAS CREAR','CP_CP_CR', '0'),
(113, 'COMPRAS COMPRAS MODIFCAR PROPIAS','CP_CP_MO_PR', '0'),
(114, 'COMPRAS COMPRAS MODIFCAR SUCURSAL','CP_CP_MO_SC', '0'),
(115, 'COMPRAS COMPRAS MODIFCAR TODAS','CP_CP_MO_TD', '0'),
(116, 'COMPRAS COMPRAS ANULAR PROPIAS','CP_CP_AN_PR', '0'),
(117, 'COMPRAS COMPRAS ANULAR SUCURSAL','CP_CP_AN_SC', '0'),
(118, 'COMPRAS COMPRAS ANULAR TODAS','CP_CP_AN_TD', '0'),
(119, 'COMPRAS COMPRAS ELIMINAR PROPIAS','CP_CP_EL_PR', '0'),
(120, 'COMPRAS COMPRAS ELIMINAR SUCURSAL','CP_CP_EL_SC', '0'),
(121, 'COMPRAS COMPRAS ELIMINAR TODAS','CP_CP_EL_TD', '0'),
(122, 'COMPRAS COMPRAS VER PROPIAS','CP_CP_VR_PR', '0'),
(123, 'COMPRAS COMPRAS VER SUCURSAL','CP_CP_VR_SC', '0'),
(124, 'COMPRAS COMPRAS VER TODAS','CP_CP_VR_TD', '0'),
(125, 'COMPRAS COMPRAS EXPORTAR','CP_CP_EX', '0'),
(126, 'COMPRAS COMPRAS IMPUESTOS CREAR','CP_CI_CR', '0'),
(127, 'COMPRAS COMPRAS IMPUESTOS MODIFCAR PROPIAS','CP_CI_MO_PR', '0'),
(128, 'COMPRAS COMPRAS IMPUESTOS MODIFCAR SUCURSAL','CP_CI_MO_SC', '0'),
(129, 'COMPRAS COMPRAS IMPUESTOS MODIFCAR TODAS','CP_CI_MO_TD', '0'),
(130, 'COMPRAS COMPRAS IMPUESTOS ELIMINAR PROPIAS','CP_CI_EL_PR', '0'),
(131, 'COMPRAS COMPRAS IMPUESTOS ELIMINAR SUCURSAL','CP_CI_EL_SC', '0'),
(132, 'COMPRAS COMPRAS IMPUESTOS ELIMINAR TODAS','CP_CI_EL_TD', '0'),
(133, 'COMPRAS COMPRAS IMPUESTOS VER PROPIAS','CP_CI_VR_PR', '0'),
(134, 'COMPRAS COMPRAS IMPUESTOS VER SUCURSAL','CP_CI_VR_SC', '0'),
(135, 'COMPRAS COMPRAS IMPUESTOS VER TODAS','CP_CI_VR_TD', '0'),
(136, 'COMPRAS COMPRAS IMPUESTOS EXPORTAR','CP_CI_EX', '0'),
(137, 'COMPRAS RETENCIONES CREAR','CP_RT_CR', '0'),
(138, 'COMPRAS RETENCIONES MODIFCAR PROPIAS','CP_RT_MO_PR', '0'),
(139, 'COMPRAS RETENCIONES MODIFCAR SUCURSAL','CP_RT_MO_SC', '0'),
(140, 'COMPRAS RETENCIONES MODIFCAR TODAS','CP_RT_MO_TD', '0'),
(141, 'COMPRAS RETENCIONES ANULAR PROPIAS','CP_RT_AN_PR', '0'),
(142, 'COMPRAS RETENCIONES ANULAR SUCURSAL','CP_RT_AN_SC', '0'),
(143, 'COMPRAS RETENCIONES ANULAR TODAS','CP_RT_AN_TD', '0'),
(144, 'COMPRAS RETENCIONES ELIMINAR PROPIAS','CP_RT_EL_PR', '0'),
(145, 'COMPRAS RETENCIONES ELIMINAR SUCURSAL','CP_RT_EL_SC', '0'),
(146, 'COMPRAS RETENCIONES ELIMINAR TODAS','CP_RT_EL_TD', '0'),
(147, 'COMPRAS RETENCIONES VER PROPIAS','CP_RT_VR_PR', '0'),
(148, 'COMPRAS RETENCIONES VER SUCURSAL','CP_RT_VR_SC', '0'),
(149, 'COMPRAS RETENCIONES VER TODAS','CP_RT_VR_TD', '0'),
(150, 'COMPRAS RETENCIONES EXPORTAR','CP_RT_EX', '0'),
(151, 'COMPRAS ORDEN COMPRAS CREAR','CP_OC_CR', '0'),
(152, 'COMPRAS ORDEN COMPRAS MODIFCAR PROPIAS','CP_OC_MO_PR', '0'),
(153, 'COMPRAS ORDEN COMPRAS MODIFCAR SUCURSAL','CP_OC_MO_SC', '0'),
(154, 'COMPRAS ORDEN COMPRAS MODIFCAR TODAS','CP_OC_MO_TD', '0'),
(155, 'COMPRAS ORDEN COMPRAS ANULAR PROPIAS','CP_OC_AN_PR', '0'),
(156, 'COMPRAS ORDEN COMPRAS ANULAR SUCURSAL','CP_OC_AN_SC', '0'),
(157, 'COMPRAS ORDEN COMPRAS ANULAR TODAS','CP_OC_AN_TD', '0'),
(158, 'COMPRAS ORDEN COMPRAS ELIMINAR PROPIAS','CP_OC_EL_PR', '0'),
(159, 'COMPRAS ORDEN COMPRAS ELIMINAR SUCURSAL','CP_OC_EL_SC', '0'),
(160, 'COMPRAS ORDEN COMPRAS ELIMINAR TODAS','CP_OC_EL_TD', '0'),
(161, 'COMPRAS ORDEN COMPRAS VER PROPIAS','CP_OC_VR_PR', '0'),
(162, 'COMPRAS ORDEN COMPRAS VER SUCURSAL','CP_OC_VR_SC', '0'),
(163, 'COMPRAS ORDEN COMPRAS VER TODAS','CP_OC_VR_TD', '0'),
(164, 'COMPRAS ORDEN COMPRAS EXPORTAR','CP_OC_EX', '0'),
(165, 'COMPRAS PROVEEDORES GRUPOS CREAR','CP_PG_CR', '0'),
(166,'COMPRAS PROVEEDORES GRUPOS MODIFCAR','CP_PG_MO', '0'),
(167,'COMPRAS PROVEEDORES GRUPOS ELIMINAR','CP_PG_EL', '0'),
(168,'COMPRAS PROVEEDORES GRUPOS VER','CP_PG_VR', '0'),
(169,'COMPRAS PROVEEDORES PARAMETROS CREAR','CP_PP_CR', '0'),
(170,'COMPRAS PROVEEDORES PARAMETROS MODIFCAR','CP_PP_MO', '0'),
(171,'COMPRAS PROVEEDORES PARAMETROS ELIMINAR','CP_PP_EL', '0'),
(172,'COMPRAS PROVEEDORES PARAMETROS VER','CP_PP_VR', '0'),
(173, 'GENERAL ITEMS CREAR','GE_IT_CR', '0'),
(174, 'GENERAL ITEMS MODIFCAR','GE_IT_MO', '0'),
(175, 'GENERAL ITEMS ELIMINAR','GE_IT_EL', '0'),
(176, 'GENERAL ITEMS VER','GE_IT_VR', '0'),
(177, 'GENERAL TERCERO CREAR','GE_TE_CR', '0'),
(178, 'GENERAL TERCERO MODIFCAR','GE_TE_MO', '0'),
(179, 'GENERAL TERCERO ELIMINAR','GE_TE_EL', '0'),
(180, 'GENERAL TERCERO VER','GE_TE_VR', '0'),
(181,'GENERAL BODEGAS CREAR','GE_BO_CR', '0'),
(182,'GENERAL BODEGAS MODIFCAR','GE_BO_MO', '0'),
(183,'GENERAL BODEGAS ELIMINAR','GE_BO_EL', '0'),
(184,'GENERAL BODEGAS VER','GE_BO_VR', '0'),
(185,'GENERAL CATEGORIAS CREAR','GE_CA_CR', '0'),
(186,'GENERAL CATEGORIAS MODIFCAR','GE_CA_MO', '0'),
(187,'GENERAL CATEGORIAS ELIMINAR','GE_CA_EL', '0'),
(188,'GENERAL CATEGORIAS VER','GE_CA_VR', '0'),
(189,'GENERAL ITEMS GRUPOS CREAR','GE_IG_CR', '0'),
(190,'GENERAL ITEMS GRUPOS MODIFCAR','GE_IG_MO', '0'),
(191,'GENERAL ITEMS GRUPOS ELIMINAR','GE_IG_EL', '0'),
(192,'GENERAL ITEMS GRUPOS VER','GE_IG_VR', '0'),
(193,'GENERAL MARCAS CREAR','GE_MA_CR', '0'),
(194,'GENERAL MARCAS MODIFCAR','GE_MA_MO', '0'),
(195,'GENERAL MARCAS ELIMINAR','GE_MA_EL', '0'),
(196,'GENERAL MARCAS VER','GE_MA_VR', '0'),
(197,'GENERAL MEDIDAS CREAR','GE_ME_CR', '0'),
(198,'GENERAL MEDIDAS MODIFCAR','GE_ME_MO', '0'),
(199,'GENERAL MEDIDAS ELIMINAR','GE_ME_EL', '0'),
(200,'GENERAL MEDIDAS VER','GE_ME_VR', '0'),
(201, 'CONTABILIDAD ASIENTOS CREAR','CN_AS_CR', '0'),
(202, 'CONTABILIDAD ASIENTOS MODIFCAR PROPIAS','CN_AS_MO_PR', '0'),
(203, 'CONTABILIDAD ASIENTOS MODIFCAR SUCURSAL','CN_AS_MO_SC', '0'),
(204, 'CONTABILIDAD ASIENTOS MODIFCAR TODAS','CN_AS_MO_TD', '0'),
(205, 'CONTABILIDAD ASIENTOS ELIMINAR PROPIAS','CN_AS_EL_PR', '0'),
(206, 'CONTABILIDAD ASIENTOS ELIMINAR SUCURSAL','CN_AS_EL_SC', '0'),
(207, 'CONTABILIDAD ASIENTOS ELIMINAR TODAS','CN_AS_EL_TD', '0'),
(208, 'CONTABILIDAD ASIENTOS VER PROPIAS','CN_AS_VR_PR', '0'),
(209, 'CONTABILIDAD ASIENTOS VER SUCURSAL','CN_AS_VR_SC', '0'),
(210, 'CONTABILIDAD ASIENTOS VER TODAS','CN_AS_VR_TD', '0'),
(211, 'CONTABILIDAD ASIENTOS BALANCES','CN_AS_BL', '0'),
(212, 'CONTABILIDAD ASIENTOS REPORTES','CN_AS_RP', '0'),
(213, 'CONTABILIDAD CENTRO COSTOS CREAR','CN_CC_CR', '0'),
(214, 'CONTABILIDAD CENTRO COSTOS MODIFCAR','CN_CC_MO', '0'),
(215, 'CONTABILIDAD CENTRO COSTOS ELIMINAR','CN_CC_EL', '0'),
(216, 'CONTABILIDAD CENTRO COSTOS VER','CN_CC_VR', '0'),
(217,'CONTABILIDAD PLAN CUENTAS CREAR','CN_PC_CR', '0'),
(218,'CONTABILIDAD PLAN CUENTAS MODIFCAR','CN_PC_MO', '0'),
(219,'CONTABILIDAD PLAN CUENTAS ELIMINAR','CN_PC_EL', '0'),
(220,'CONTABILIDAD PLAN CUENTAS VER','CN_PC_VR', '0'),
(221,'CONTABILIDAD PLAN CUENTAS IMPORTAR EXCEL','CN_PC_IMEX', '0'),
(222,'CONFIGURACIONES DATAS CREAR','CF_DT_CR', '0'),
(223,'CONFIGURACIONES DATAS MODIFICAR','CF_DT_MO', '0'),
(224,'CONFIGURACIONES DATAS VER','CF_DT_VR', '0'),
(225,'CONFIGURACIONES DATAS USUARIO CREAR','CF_DTU_CR', '0'),
(226,'CONFIGURACIONES DATAS USUARIO VER','CF_DTU_VR', '0'),
(227,'CONFIGURACIONES LISTA NEGRA VER','CF_LN_VR', '0'),
(228,'CONFIGURACIONES LISTA NEGRA ELIMINAR','CF_LN_EL', '0'),
(229,'USUARIOS  USUARIOS CREAR','US_US_CR', '0'),
(230,'USUARIOS  USUARIOS MODIFICAR','US_US_MO', '0'),
(231,'USUARIOS  USUARIOS VER','US_US_VR', '0'),
(232,'USUARIOS  ROLES CREAR','US_RL_CR', '0'),
(233,'USUARIOS  ROLES MODIFICAR','US_RL_MO', '0'),
(234,'USUARIOS  ROLES VER','US_RL_VR', '0'),
(235,'USUARIOS  ROLES ELIMINAR','US_RL_EL', '0'),
(236,'USUARIOS  GRUPOS CREAR','US_GR_CR', '0'),
(237,'USUARIOS  GRUPOS MODIFICAR','US_GR_MO', '0'),
(238,'USUARIOS  GRUPOS VER','US_GR_VR', '0'),
(239,'USUARIOS  GRUPOS ELIMINAR','US_GR_EL', '0'),
(240,'USUARIOS  PERMISOS CREAR','US_PE_CR', '0'),
(241,'USUARIOS  PERMISOS MODIFICAR','US_PE_MO', '0'),
(242,'USUARIOS  PERMISOS VER','US_PE_VER', '0'),
(243,'USUARIOS  PERMISOS ELIMINAR','US_PE_EL', '0'),
(244,'ADMINISTRACION EMPRESAS CREAR','AD_EM_CR', '0'),
(245,'ADMINISTRACION EMPRESAS MODIFICAR','AD_EM_MO', '0'),
(246,'ADMINISTRACION EMPRESAS VER','AD_EM_VR', '0'),
(247,'ADMINISTRACION SERIES CREAR','AD_SE_CR', '0'),
(248,'ADMINISTRACION SERIES MODIFICAR','AD_SE_MO', '0'),
(249,'ADMINISTRACION SERIES VER','AD_SE_VR', '0'),
(250,'ADMINISTRACION SERIES ELIMINAR','AD_SE_EL', '0'),
(251,'ADMINISTRACION DOCUMENTOS VER','AD_DO_VR', '0'),
(252,'ADMINISTRACION SUCURSALES CREAR','AD_SU_CR', '0'),
(253,'ADMINISTRACION SUCURSALES MODIFICAR','AD_SU_MO', '0'),
(254,'ADMINISTRACION SUCURSALES VER','AD_SU_VR', '0'),
(255,'ADMINISTRACION SUCURSALES ELIMINAR','AD_SU_EL', '0'),
(256,'CRM CLIENTES CONFIGURACIONES CREAR','CR_CC_CR', '0'),
(257,'CRM CLIENTES CONFIGURACIONES MODIFCAR','CR_CC_MO', '0'),
(258,'CRM CLIENTES CONFIGURACIONES ELIMINAR','CR_CC_EL', '0'),
(259,'CRM CLIENTES CONFIGURACIONES VER','CR_CC_VR', '0'),
(260,'CRM CLIENTES TICKETS CREAR','CR_CT_CR', '0'),
(261,'CRM CLIENTES TICKETS MODIFCAR','CR_CT_MO', '0'),
(262,'CRM CLIENTES TICKETS VER','CR_CT_VR', '0'),
(263,'LIQUIDACIONES LIQUIDACIONES CREAR','LQ_LQ_CR', '0'),
(264,'LIQUIDACIONES	LIQUIDACIONES MODIFCAR PROPIAS','LQ_LQ_MO_PR', '0'),
(265,'LIQUIDACIONES	LIQUIDACIONES MODIFCAR SUCURSAL','LQ_LQ_MO_SC', '0'),
(266,'LIQUIDACIONES	LIQUIDACIONES MODIFCAR TODAS','LQ_LQ_MO_TD', '0'),
(267,'LIQUIDACIONES	LIQUIDACIONES ANULAR PROPIAS','LQ_LQ_AN_PR', '0'),
(268,'LIQUIDACIONES	LIQUIDACIONES ANULAR SUCURSAL','LQ_LQ_AN_SC', '0'),
(269,'LIQUIDACIONES	LIQUIDACIONES ANULAR TODAS','LQ_LQ_AN_TD', '0'),
(270,'LIQUIDACIONES	LIQUIDACIONES ELIMINAR PROPIAS','LQ_LQ_EL_PR', '0'),
(271,'LIQUIDACIONES	LIQUIDACIONES ELIMINAR SUCURSAL','LQ_LQ_EL_SC', '0'),
(272,'LIQUIDACIONES	LIQUIDACIONES ELIMINAR TODAS','LQ_LQ_EL_TD', '0'),
(273,'LIQUIDACIONES	LIQUIDACIONES VER PROPIAS','LQ_LQ_VR_PR', '0'),
(274,'LIQUIDACIONES	LIQUIDACIONES VER SUCURSAL','LQ_LQ_VR_SC', '0'),
(275,'LIQUIDACIONES	LIQUIDACIONES VER TODAS','LQ_LQ_VR_TD', '0'),
(276,'LIQUIDACIONES LIQUIDACIONES EXPORTAR','LQ_LQ_EX', '0'),
(277,'LIQUIDACIONES LIQUIDACION REEMBOLSOS CREAR','LQ_LQR_CR', '0'),
(278,'LIQUIDACIONES	LIQUIDACION REEMBOLSOS	MODIFCAR PROPIAS','LQ_LQR_MO_PR', '0'),
(279,'LIQUIDACIONES	LIQUIDACION REEMBOLSOS	MODIFCAR SUCURSAL','LQ_LQR_MO_SC', '0'),
(280,'LIQUIDACIONES	LIQUIDACION REEMBOLSOS	MODIFCAR TODAS','LQ_LQR_MO_TD', '0'),
(281,'LIQUIDACIONES	LIQUIDACION REEMBOLSOS	ELIMINAR PROPIAS','LQ_LQR_EL_PR', '0'),
(282,'LIQUIDACIONES	LIQUIDACION REEMBOLSOS	ELIMINAR SUCURSAL','LQ_LQR_EL_SC', '0'),
(283,'LIQUIDACIONES	LIQUIDACION REEMBOLSOS	ELIMINAR TODAS','LQ_LQR_EL_TD', '0'),
(284,'LIQUIDACIONES	LIQUIDACION REEMBOLSOS	VER PROPIAS','LQ_LQR_VR_PR', '0'),
(285,'LIQUIDACIONES	LIQUIDACION REEMBOLSOS	VER SUCURSAL','LQ_LQR_VR_SC', '0'),
(286,'LIQUIDACIONES	LIQUIDACION REEMBOLSOS	VER TODAS','LQ_LQR_VR_TD', '0'),
(287,'LIQUIDACIONES LIQUIDACION REEMBOLSOS EXPORTAR','LQ_LQR_EX', '0'),
(288,'LIQUIDACIONES LIQUIDACION REEMBOLSOS IMPORTAR XML','LQ_LQR_IMXML', '0'),
(289,'IMPUESTOS FORMULARIO 103 VER','IM_F103_VR', '0'),
(290,'IMPUESTOS FORMULARIO 104 VER','IM_F104_VR', '0'),
(291,'IMPUESTOS FORMULARIO 107 VER','IM_F107_VR', '0'),
(292,'IMPUESTOS TALON RESUMEN VER','IM_TR_VR', '0'),
(293,'IMPUESTOS ATS VER','IM_AT_VR', '0'),
(294,'CUENTAS POR COBRAR FACTURAS CREAR','CX_FC_CR', '0'),
(295,'CUENTAS POR COBRAR FACTURAS MODIFICAR PROPIAS','CX_FC_MO_PR', '0'),
(296,'CUENTAS POR COBRAR FACTURAS MODIFICAR SUCURSAL','CX_FC_MO_SC', '0'),
(297,'CUENTAS POR COBRAR FACTURAS MODIFICAR TODAS','CX_FC_MO_TD', '0'),
(298,'CUENTAS POR COBRAR FACTURAS VER PROPIAS','CX_FC_VR_PR', '0'),
(299,'CUENTAS POR COBRAR FACTURAS VER SUCURSAL','CX_FC_VR_SC', '0'),
(300,'CUENTAS POR COBRAR FACTURAS VER TODAS','CX_FC_VR_TD', '0'),
(301,'CUENTAS POR COBRAR FACTURAS ELIMINAR PROPIAS','CX_FC_EL_PR', '0'),
(302,'CUENTAS POR COBRAR FACTURAS ELIMINAR SUCURSAL','CX_FC_EL_SC', '0'),
(303,'CUENTAS POR COBRAR FACTURAS ELIMINAR TODAS','CX_FC_EL_TD', '0'),
(304,'CUENTAS POR COBRAR PAGOS CREAR','CX_PG_CR', '0'),
(305,'CUENTAS POR COBRAR PAGOS MODIFICAR PROPIAS','CX_PG_MO_PR', '0'),
(306,'CUENTAS POR COBRAR PAGOS MODIFICAR SUCURSAL','CX_PG_MO_SC', '0'),
(307,'CUENTAS POR COBRAR PAGOS MODIFICAR TODAS','CX_PG_MO_TD', '0'),
(308,'CUENTAS POR COBRAR PAGOS VER PROPIAS','CX_PG_VR_PR', '0'),
(309,'CUENTAS POR COBRAR PAGOS VER SUCURSAL','CX_PG_VR_SC', '0'),
(310,'CUENTAS POR COBRAR PAGOS VER TODAS','CX_PG_VR_TD', '0'),
(311,'CUENTAS POR COBRAR PAGOS ELIMINAR PROPIAS','CX_PG_EL_PR', '0'),
(312,'CUENTAS POR COBRAR PAGOS ELIMINAR SUCURSAL','CX_PG_EL_SC', '0'),
(313,'CUENTAS POR COBRAR PAGOS ELIMINAR TODAS','CX_PG_EL_TD', '0'),
(314,'CUENTAS POR PAGAR	FACTURAS CREAR','PX_FC_CR', '0'),
(315,'CUENTAS POR PAGAR	FACTURAS MODIFICAR PROPIAS','PX_FC_MO_PR', '0'),
(316,'CUENTAS POR PAGAR	FACTURAS MODIFICAR SUCURSAL','PX_FC_MO_SC', '0'),
(317,'CUENTAS POR PAGAR	FACTURAS MODIFICAR TODAS','PX_FC_MO_TD', '0'),
(318,'CUENTAS POR PAGAR	FACTURAS VER PROPIAS','PX_FC_VR_PR', '0'),
(319,'CUENTAS POR PAGAR	FACTURAS VER SUCURSAL','PX_FC_VR_SC', '0'),
(320,'CUENTAS POR PAGAR	FACTURAS VER TODAS','PX_FC_VR_TD', '0'),
(321,'CUENTAS POR PAGAR	FACTURAS ELIMINAR PROPIAS','PX_FC_EL_PR', '0'),
(322,'CUENTAS POR PAGAR	FACTURAS ELIMINAR SUCURSAL','PX_FC_EL_SC', '0'),
(323,'CUENTAS POR PAGAR	FACTURAS ELIMINAR TODAS','PX_FC_EL_TD', '0'),
(324,'CUENTAS POR PAGAR	PAGOS CREAR','PX_PG_CR', '0'),
(325,'CUENTAS POR PAGAR	PAGOS MODIFICAR PROPIAS','PX_PG_MO_PR', '0'),
(326,'CUENTAS POR PAGAR	PAGOS MODIFICAR SUCURSAL','PX_PG_MO_SC', '0'),
(327,'CUENTAS POR PAGAR	PAGOS MODIFICAR TODAS','PX_PG_MO_TD', '0'),
(328,'CUENTAS POR PAGAR	PAGOS VER PROPIAS','PX_PG_VR_PR', '0'),
(329,'CUENTAS POR PAGAR	PAGOS VER SUCURSAL','PX_PG_VR_SC', '0'),
(330,'CUENTAS POR PAGAR	PAGOS VER TODAS','PX_PG_VR_TD', '0'),
(331,'CUENTAS POR PAGAR	PAGOS ELIMINAR PROPIAS','PX_PG_EL_PR', '0'),
(332,'CUENTAS POR PAGAR	PAGOS ELIMINAR SUCURSAL','PX_PG_EL_SC', '0'),
(333,'CUENTAS POR PAGAR	PAGOS ELIMINAR TODAS','PX_PG_EL_TD', '0'),
(334,'USUARIOS PERMISOS VER','US_PE_VR', '0');





INSERT INTO public.ad_grupos_permisos (id_grupo, id_permiso) 
VALUES
(10,1),
(10,2),
(10,3),
(10,4),
(10,5),
(10,6),
(10,7),
(10,8),
(10,9),
(10,10),
(10,11),
(10,12),
(10,13),
(10,14),
(10,15),
(10,16),
(10,17),
(10,18),
(10,19),
(10,20),
(10,21),
(10,22),
(10,23),
(10,24),
(10,25),
(10,26),
(10,27),
(10,28),
(10,29),
(10,30),
(10,31),
(10,32),
(10,33),
(10,34),
(10,35),
(10,36),
(10,37),
(10,38),
(10,39),
(10,40),
(10,41),
(10,42),
(10,43),
(10,44),
(10,45),
(10,46),
(10,47),
(10,48),
(10,49),
(10,50),
(10,51),
(10,52),
(10,53),
(10,54),
(10,55),
(10,56),
(10,57),
(10,58),
(10,59),
(10,60),
(10,61),
(10,62),
(10,63),
(10,64),
(10,65),
(10,66),
(10,67),
(10,68),
(10,69),
(10,70),
(10,71),
(10,72),
(10,73),
(10,74),
(10,75),
(10,76),
(10,77),
(10,78),
(10,79),
(10,80),
(10,81),
(10,82),
(10,83),
(10,84),
(10,85),
(10,86),
(10,87),
(10,88),
(10,89),
(10,90),
(10,91),
(10,92),
(10,93),
(10,94),
(10,95),
(10,96),
(10,97),
(10,98),
(10,99),
(10,100),
(10,101),
(10,102),
(10,103),
(10,104),
(10,105),
(10,106),
(10,107),
(10,108),
(10,109),
(10,110),
(10,111),
(10,112),
(10,113),
(10,114),
(10,115),
(10,116),
(10,117),
(10,118),
(10,119),
(10,120),
(10,121),
(10,122),
(10,123),
(10,124),
(10,125),
(10,126),
(10,127),
(10,128),
(10,129),
(10,130),
(10,131),
(10,132),
(10,133),
(10,134),
(10,135),
(10,136),
(10,137),
(10,138),
(10,139),
(10,140),
(10,141),
(10,142),
(10,143),
(10,144),
(10,145),
(10,146),
(10,147),
(10,148),
(10,149),
(10,150),
(10,151),
(10,152),
(10,153),
(10,154),
(10,155),
(10,156),
(10,157),
(10,158),
(10,159),
(10,160),
(10,161),
(10,162),
(10,163),
(10,164),
(10,165),
(10,166),
(10,167),
(10,168),
(10,169),
(10,170),
(10,171),
(10,172),
(10,173),
(10,174),
(10,175),
(10,176),
(10,177),
(10,178),
(10,179),
(10,180),
(10,181),
(10,182),
(10,183),
(10,184),
(10,185),
(10,186),
(10,187),
(10,188),
(10,189),
(10,190),
(10,191),
(10,192),
(10,193),
(10,194),
(10,195),
(10,196),
(10,197),
(10,198),
(10,199),
(10,200),
(10,201),
(10,202),
(10,203),
(10,204),
(10,205),
(10,206),
(10,207),
(10,208),
(10,209),
(10,210),
(10,211),
(10,212),
(10,213),
(10,214),
(10,215),
(10,216),
(10,217),
(10,218),
(10,219),
(10,220),
(10,221),
(10,222),
(10,223),
(10,224),
(10,225),
(10,226),
(10,227),
(10,228),
(10,229),
(10,230),
(10,231),
(10,232),
(10,233),
(10,234),
(10,235),
(10,236),
(10,237),
(10,238),
(10,239),
(10,240),
(10,241),
(10,242),
(10,243),
(10,244),
(10,245),
(10,246),
(10,247),
(10,248),
(10,249),
(10,250),
(10,251),
(10,252),
(10,253),
(10,254),
(10,255),
(10,256),
(10,257),
(10,258),
(10,259),
(10,260),
(10,261),
(10,262),
(10,263),
(10,264),
(10,265),
(10,266),
(10,267),
(10,268),
(10,269),
(10,270),
(10,271),
(10,272),
(10,273),
(10,274),
(10,275),
(10,276),
(10,277),
(10,278),
(10,279),
(10,280),
(10,281),
(10,282),
(10,283),
(10,284),
(10,285),
(10,286),
(10,287),
(10,288),
(10,289),
(10,290),
(10,291),
(10,292),
(10,293),
(10,294),
(10,295),
(10,296),
(10,297),
(10,298),
(10,299),
(10,300),
(10,301),
(10,302),
(10,303),
(10,304),
(10,305),
(10,306),
(10,307),
(10,308),
(10,309),
(10,310),
(10,311),
(10,312),
(10,313),
(10,314),
(10,315),
(10,316),
(10,317),
(10,318),
(10,319),
(10,320),
(10,321),
(10,322),
(10,323),
(10,324),
(10,325),
(10,326),
(10,327),
(10,328),
(10,329),
(10,330),
(10,331),
(10,332),
(10,333),
(10,334);





INSERT INTO public.ad_rol_grupos(id_rol, id_grupo) values
(9,10);

INSERT INTO public.ad_usuarios_roles(id_rol, id_usuario) values
(9, 4);