INSERT INTO public.ad_roles
(id_rol, nombre, deleted)
VALUES
(1, 'ROL_ADMINISTRADOR', '0'),
(2, 'ROL_VENDEDOR', '0'),
(3, 'ROL_SUPERVISOR', '0'),
(3, 'ROL_GERENTE', '0'),
(4, 'ROL_CONTADOR', '0'),
(5, 'ROL_AUXILIAR_CONTABLE', '0'),
(6, 'ROL_PAGADOR', '0'),
(7, 'ROL_COBRADOR', '0'),
(9, 'ROL_TODOS_ROLES', '0');




INSERT INTO public.ad_grupos
(id_grupo, nombre, deleted)
VALUES
(1, 'GRUPO_CONTABILIDAD_OPERATIVO', '0'),
(2, 'GRUPO_CONTABILIDAD_CIERRE', '0'),
(3, 'GRUPO_CONTABILIDAD_SUPERVISION', '0'),
(4, 'GRUPO_VENTAS_OPERATIVO', '0'),
(5, 'GRUPO_VENTAS_SUPERVISOR', '0'),
(6, 'GRUPO_VENTAS_REPORTES', '0'),
(7, 'GRUPO_COMPRAS_OPERATIVO', '0'),
(8, 'GRUPO_COMPRAS_SUPERVISOR', '0'),
(9, 'GRUPO_COMPRAS_REPORTES', '0'),
(10, 'GRUPO_DE_TODOS_LOS_PERMISOS', '0');

INSERT INTO public.ad_permisos
(id_permiso, descripcion, permiso, deleted)
VALUES
(1,  'VENTAS	FACTURAS CREAR','VT_FC_CR', '0'),
(2,  'VENTAS	FACTURAS MODIFCAR','VT_FC_MO','0'),
(3,  'VENTAS	FACTURAS ANULAR','VT_FC_AN', '0'),
(4,  'VENTAS	FACTURAS ELIMINAR','VT_FC_EL', '0'),
(5,  'VENTAS	FACTURAS VER','VT_FC_VR', '0'),
(6,  'VENTAS	FACTURAS EXPORTAR','VT_FC_EX', '0'),
(7,  'VENTAS	FACTURAS IMPORTAR EXCEL','VT_FC_IMEX', '0'),
(8,  'VENTAS	NOTAS CREDITO CREAR','VT_NC_CR', '0'),
(9,  'VENTAS	NOTAS CREDITO MODIFCAR','VT_NC_MO', '0'),
(10, 'VENTAS	NOTAS CREDITO ANULAR','VT_NC_AN', '0'),
(11, 'VENTAS	NOTAS CREDITO ELIMINAR','VT_NC_EL', '0'),
(12, 'VENTAS	NOTAS CREDITO VER','VT_NC_VR', '0'),
(13, 'VENTAS	NOTAS DEBITO CREAR','VT_ND_CR', '0'),
(14, 'VENTAS	NOTAS DEBITO MODIFCAR','VT_ND_MO', '0'),
(15, 'VENTAS	NOTAS DEBITO ANULAR','VT_ND_AN', '0'),
(16, 'VENTAS	NOTAS DEBITO ELIMINAR','VT_ND_EL', '0'),
(17, 'VENTAS	NOTAS DEBITO VER','VT_ND_VR', '0'),
(18, 'VENTAS	REEMBOLSOS CREAR','VT_RB_CR', '0'),
(19, 'VENTAS	REEMBOLSOS MODIFCAR','VT_RB_MO', '0'),
(20, 'VENTAS	REEMBOLSOS ANULAR','VT_RB_AN', '0'),
(21, 'VENTAS	REEMBOLSOS ELIMINAR','VT_RB_EL', '0'),
(22, 'VENTAS	REEMBOLSOS VER','VT_RB_VR', '0'),
(23, 'VENTAS REEMBOLSOS IMPORTAR XML','VT_RB_IMXML', '0'),
(24, 'VENTAS	FACTURAS EXPORTAR','VT_RB_EX', '0'),
(25, 'VENTAS	GUIAS REMISION CREAR','VT_GR_CR', '0'),
(26, 'VENTAS	GUIAS REMISION MODIFCAR','VT_GR_MO', '0'),
(27, 'VENTAS	GUIAS REMISION ANULAR','VT_GR_AN', '0'),
(28, 'VENTAS	GUIAS REMISION ELIMINAR','VT_GR_EL', '0'),
(29, 'VENTAS	GUIAS REMISION VER','VT_GR_VR', '0'),
(30, 'VENTAS	GUIAS REMISION EXPORTAR','VT_GR_EX', '0'),
(31, 'VENTAS	PEDIDOS	CREAR','VT_PD_CR', '0'),
(32, 'VENTAS	PEDIDOS	MODIFCAR','VT_PD_MO', '0'),
(33, 'VENTAS	PEDIDOS	ELIMINAR','VT_PD_EL', '0'),
(34, 'VENTAS	PEDIDOS	VER','VT_PD_VR', '0'),
(35, 'VENTAS	PEDIDOS	EXPORTAR','VT_PD_EX', '0'),
(36, 'VENTAS	RETENCIONES	CREAR','VT_RT_CR', '0'),
(37, 'VENTAS	RETENCIONES	MODIFCAR','VT_RT_MO', '0'),
(38, 'VENTAS	RETENCIONES	ELIMINAR','VT_RT_EL', '0'),
(39, 'VENTAS	RETENCIONES	VER','VT_RT_VR', '0'),
(40, 'VENTAS	RETENCIONES	EXPORTAR','VT_RT_EX', '0'),
(41, 'COMPRAS COMPRAS CREAR','CP_CP_CR', '0'),
(42, 'COMPRAS COMPRAS MODIFCAR','CP_CP_MO', '0'),
(43, 'COMPRAS COMPRAS ANULAR','CP_CP_AN', '0'),
(44, 'COMPRAS COMPRAS ELIMINAR','CP_CP_EL', '0'),
(45, 'COMPRAS COMPRAS VER','CP_CP_VR', '0'),
(46, 'COMPRAS COMPRAS EXPORTAR','CP_CP_EX', '0'),
(47, 'COMPRAS COMPRAS IMPUESTOS CREAR','CP_CI_CR', '0'),
(48, 'COMPRAS COMPRAS IMPUESTOS MODIFCAR','CP_CI_MO', '0'),
(49, 'COMPRAS COMPRAS IMPUESTOS ELIMINAR','CP_CI_EL', '0'),
(50, 'COMPRAS COMPRAS IMPUESTOS VER','CP_CI_VR', '0'),
(51, 'COMPRAS COMPRAS IMPUESTOS EXPORTAR','CP_CI_EX', '0'),
(52, 'COMPRAS RETENCIONES CREAR','CP_RT_CR', '0'),
(53, 'COMPRAS RETENCIONES MODIFCAR','CP_RT_MO', '0'),
(54, 'COMPRAS RETENCIONES ANULAR','CP_RT_AN', '0'),
(55, 'COMPRAS RETENCIONES ELIMINAR','CP_RT_EL', '0'),
(56, 'COMPRAS RETENCIONES VER','CP_RT_VR', '0'),
(57, 'COMPRAS RETENCIONES EXPORTAR','CP_RT_EX', '0'),
(58, 'COMPRAS ORDEN COMPRAS CREAR','CP_OC_CR', '0'),
(59, 'COMPRAS ORDEN COMPRAS MODIFCAR','CP_OC_MO', '0'),
(60, 'COMPRAS ORDEN COMPRAS ANULAR','CP_OC_AN', '0'),
(61, 'COMPRAS ORDEN COMPRAS ELIMINAR','CP_OC_EL', '0'),
(62, 'COMPRAS ORDEN COMPRAS VER','CP_OC_VR', '0'),
(63, 'COMPRAS ORDEN COMPRAS EXPORTAR','CP_OC_EX', '0'),
(64, 'GENERAL ITEMS CREAR','GE_IT_CR', '0'),
(65, 'GENERAL ITEMS MODIFCAR','GE_IT_MO', '0'),
(66, 'GENERAL ITEMS ELIMINAR','GE_IT_EL', '0'),
(67, 'GENERAL ITEMS VER','GE_IT_VR', '0'),
(68, 'GENERAL TERCERO CREAR','GE_TE_CR', '0'),
(69, 'GENERAL TERCERO MODIFCAR','GE_TE_MO', '0'),
(70, 'GENERAL TERCERO ELIMINAR','GE_TE_EL', '0'),
(71, 'GENERAL TERCERO VER','GE_TE_VR', '0'),
(72, 'CONTABILIDAD ASIENTOS CREAR','CN_AS_CR', '0'),
(73, 'CONTABILIDAD ASIENTOS MODIFCAR','CN_AS_MO', '0'),
(74, 'CONTABILIDAD ASIENTOS ELIMINAR','CN_AS_EL', '0'),
(75, 'CONTABILIDAD ASIENTOS VER','CN_AS_VR', '0'),
(76, 'CONTABILIDAD ASIENTOS BALANCES','CN_AS_BL', '0'),
(77, 'CONTABILIDAD ASIENTOS REPORTES','CN_AS_RP', '0'),
(78, 'CONTABILIDAD CENTRO COSTOS CREAR','CN_CC_CR', '0'),
(79, 'CONTABILIDAD CENTRO COSTOS MODIFCAR','CN_CC_MO', '0'),
(80, 'CONTABILIDAD CENTRO COSTOS ELIMINAR','CN_CC_EL', '0'),
(81, 'CONTABILIDAD CENTRO COSTOS VER','CN_CC_VR', '0'),
(82, 'VENTAS	CLIENTES GRUPOS	CREAR','VT_CG_CR', '0'),
(83, 'VENTAS	CLIENTES GRUPOS	MODIFCAR','VT_CG_MO', '0'),
(84, 'VENTAS	CLIENTES GRUPOS	ELIMINAR','VT_CG_EL', '0'),
(85, 'VENTAS CLIENTES GRUPOS	VER','VT_CG_VR', '0'),
(86, 'VENTAS	COTIZACIONES CREAR','VT_CO_CR', '0'),
(87, 'VENTAS	COTIZACIONES MODIFCAR','VT_CO_MO', '0'),
(88, 'VENTAS COTIZACIONES ELIMINAR','VT_CO_EL', '0'),
(89, 'VENTAS COTIZACIONES VER','VT_CO_VR', '0'),
(90, 'VENTAS COTIZACIONES EXPORTAR','VT_CO_EX', '0'),
(91, 'VENTAS VENDEDORES CREAR','VT_VE_CR', '0'),
(92, 'VENTAS VENDEDORES MODIFCAR','VT_VE_MO', '0'),
(93, 'VENTAS VENDEDORES ELIMINAR','VT_VE_EL', '0'),
(94, 'VENTAS VENDEDORES VER','VT_VE_VR', '0'),
(95, 'VENTAS ZONAS CREAR','VT_ZO_CR', '0'),
(96, 'VENTAS ZONAS MODIFCAR','VT_ZO_MO', '0'),
(97, 'VENTAS ZONAS ELIMINAR','VT_ZO_EL', '0'),
(98, 'VENTAS ZONAS VER','VT_ZO_VR', '0'),
(99, 'COMPRAS PROVEEDORES GRUPOS CREAR','CP_PG_CR', '0'),
(100,'COMPRAS PROVEEDORES GRUPOS MODIFCAR','CP_PG_MO', '0'),
(101,'COMPRAS PROVEEDORES GRUPOS ELIMINAR','CP_PG_EL', '0'),
(102,'COMPRAS PROVEEDORES GRUPOS VER','CP_PG_VR', '0'),
(103,'CONTABILIDAD PLAN CUENTAS CREAR','CN_PC_CR', '0'),
(104,'CONTABILIDAD PLAN CUENTAS MODIFCAR','CN_PC_MO', '0'),
(105,'CONTABILIDAD PLAN CUENTAS ELIMINAR','CN_PC_EL', '0'),
(106,'CONTABILIDAD PLAN CUENTAS VER','CN_PC_VR', '0'),
(107,'VENTAS CLIENTES PARAMETROS CREAR','VT_CP_CR', '0'),
(108,'VENTAS CLIENTES PARAMETROS MODIFCAR','VT_CP_MO', '0'),
(109,'VENTAS CLIENTES PARAMETROS ELIMINAR','VT_CP_EL', '0'),
(110,'VENTAS CLIENTES PARAMETROS VER','VT_CP_VR', '0'),
(111,'COMPRAS PROVEEDORES PARAMETROS CREAR','CP_PP_CR', '0'),
(112,'COMPRAS PROVEEDORES PARAMETROS MODIFCAR','CP_PP_MO', '0'),
(113,'COMPRAS PROVEEDORES PARAMETROS ELIMINAR','CP_PP_EL', '0'),
(114,'COMPRAS PROVEEDORES PARAMETROS VER','CP_PP_VR', '0'),
(115,'GENERAL BODEGAS CREAR','GE_BO_CR', '0'),
(116,'GENERAL BODEGAS MODIFCAR','GE_BO_MO', '0'),
(117,'GENERAL BODEGAS ELIMINAR','GE_BO_EL', '0'),
(118,'GENERAL BODEGAS VER','GE_BO_VR', '0'),
(119,'GENERAL CATEGORIAS CREAR','GE_CA_CR', '0'),
(120,'GENERAL CATEGORIAS MODIFCAR','GE_CA_MO', '0'),
(121,'GENERAL CATEGORIAS ELIMINAR','GE_CA_EL', '0'),
(122,'GENERAL CATEGORIAS VER','GE_CA_VR', '0'),
(123,'GENERAL ITEMS GRUPOS CREAR','GE_IG_CR', '0'),
(124,'GENERAL ITEMS GRUPOS MODIFCAR','GE_IG_MO', '0'),
(125,'GENERAL ITEMS GRUPOS ELIMINAR','GE_IG_EL', '0'),
(126,'GENERAL ITEMS GRUPOS VER','GE_IG_VR', '0'),
(127,'GENERAL MARCAS CREAR','GE_MA_CR', '0'),
(128,'GENERAL MARCAS MODIFCAR','GE_MA_MO', '0'),
(129,'GENERAL MARCAS ELIMINAR','GE_MA_EL', '0'),
(130,'GENERAL MARCAS VER','GE_MA_VR', '0'),
(131,'GENERAL MEDIDAS CREAR','GE_ME_CR', '0'),
(132,'GENERAL MEDIDAS MODIFCAR','GE_ME_MO', '0'),
(133,'GENERAL MEDIDAS ELIMINAR','GE_ME_EL', '0'),
(134,'GENERAL MEDIDAS VER','GE_ME_VR', '0'),
(135,'CONTABILIDAD PLAN CUENTAS IMPORTAR EXCEL','CN_PC_IMEX', '0'),
(136,'CONFIGURACIONES DATAS CREAR','CF_DT_CR', '0'),
(137,'CONFIGURACIONES DATAS MODIFICAR','CF_DT_MO', '0'),
(138,'CONFIGURACIONES DATAS VER','CF_DT_VR', '0'),
(139,'CONFIGURACIONES DATAS USUARIO CREAR','CF_DTU_CR', '0'),
(140,'CONFIGURACIONES DATAS USUARIO VER','CF_DTU_VR', '0'),
(141,'CONFIGURACIONES LISTA NEGRA VER','CF_LN_VR', '0'),
(142,'CONFIGURACIONES LISTA NEGRA ELIMINAR','CF_LN_EL', '0'),
(143,'USUARIOS  USUARIOS CREAR','US_US_CR', '0'),
(144,'USUARIOS  USUARIOS MODIFICAR','US_US_MO', '0'),
(145,'USUARIOS  USUARIOS VER','US_US_VR', '0'),
(146,'USUARIOS  ROLES CREAR','US_RL_CR', '0'),
(147,'USUARIOS  ROLES MODIFICAR','US_RL_MO', '0'),
(148,'USUARIOS  ROLES VER','US_RL_VR', '0'),
(149,'USUARIOS  ROLES ELIMINAR','US_RL_EL', '0'),
(150,'USUARIOS  GRUPOS CREAR','US_GR_CR', '0'),
(151,'USUARIOS  GRUPOS MODIFICAR','US_GR_MO', '0'),
(152,'USUARIOS  GRUPOS VER','US_GR_VR', '0'),
(153,'USUARIOS  GRUPOS ELIMINAR','US_GR_EL', '0'),
(154,'USUARIOS  PERMISOS CREAR','US_PE_CR', '0'),
(155,'USUARIOS  PERMISOS MODIFICAR','US_PE_MO', '0'),
(156,'USUARIOS  PERMISOS VER','US_PE_VER', '0'),
(157,'USUARIOS  PERMISOS ELIMINAR','US_PE_EL', '0'),
(158,'ADMINISTRACION EMPRESAS CREAR','AD_EM_CR', '0'),
(159,'ADMINISTRACION EMPRESAS MODIFICAR','AD_EM_MO', '0'),
(160,'ADMINISTRACION EMPRESAS VER','AD_EM_VR', '0'),
(161,'ADMINISTRACION SERIES CREAR','AD_SE_CR', '0'),
(162,'ADMINISTRACION SERIES MODIFICAR','AD_SE_MO', '0'),
(163,'ADMINISTRACION SERIES VER','AD_SE_VR', '0'),
(164,'ADMINISTRACION SERIES ELIMINAR','AD_SE_EL', '0'),
(165,'ADMINISTRACION DOCUMENTOS VER','AD_DO_VR', '0'),
(166,'ADMINISTRACION SUCURSALES CREAR','AD_SU_CR', '0'),
(167,'ADMINISTRACION SUCURSALES MODIFICAR','AD_SU_MO', '0'),
(168,'ADMINISTRACION SUCURSALES VER','AD_SU_VR', '0'),
(169,'ADMINISTRACION SUCURSALES ELIMINAR','AD_SU_EL', '0'),
(170,'CRM CLIENTES CONFIGURACIONES CREAR','CR_CC_CR', '0'),
(171,'CRM CLIENTES CONFIGURACIONES MODIFCAR','CR_CC_MO', '0'),
(172,'CRM CLIENTES CONFIGURACIONES ELIMINAR','CR_CC_EL', '0'),
(173,'CRM CLIENTES CONFIGURACIONES VER','CR_CC_VR', '0'),
(174,'CRM CLIENTES TICKETS CREAR','CR_CT_CR', '0'),
(175,'CRM CLIENTES TICKETS MODIFCAR','CR_CT_MO', '0'),
(176,'CRM CLIENTES TICKETS VER','CR_CT_VR', '0'),
(177,'LIQUIDACIONES LIQUIDACIONES CREAR','LQ_LQ_CR', '0'),
(178,'LIQUIDACIONES LIQUIDACIONES MODIFCAR','LQ_LQ_MO', '0'),
(179,'LIQUIDACIONES LIQUIDACIONES ANULAR','LQ_LQ_AN', '0'),
(180,'LIQUIDACIONES LIQUIDACIONES ELIMINAR','LQ_LQ_EL', '0'),
(181,'LIQUIDACIONES LIQUIDACIONES VER','LQ_LQ_VR', '0'),
(182,'LIQUIDACIONES LIQUIDACIONES EXPORTAR','LQ_LQ_EX', '0'),
(183,'LIQUIDACIONES LIQUIDACION REEMBOLSOS CREAR','LQ_LQR_CR', '0'),
(184,'LIQUIDACIONES LIQUIDACION REEMBOLSOS MODIFCAR','LQ_LQR_MO', '0'),
(185,'LIQUIDACIONES LIQUIDACION REEMBOLSOS ELIMINAR','LQ_LQR_EL', '0'),
(186,'LIQUIDACIONES LIQUIDACION REEMBOLSOS VER','LQ_LQR_VR', '0'),
(187,'LIQUIDACIONES LIQUIDACION REEMBOLSOS EXPORTAR','LQ_LQR_EX', '0'),
(188,'LIQUIDACIONES LIQUIDACION REEMBOLSOS IMPORTAR XML','LQ_LQR_IMXML', '0'),
(189,'IMPUESTOS FORMULARIO 103 VER','IM_F103_VR', '0'),
(190,'IMPUESTOS FORMULARIO 104 VER','IM_F104_VR', '0'),
(191,'IMPUESTOS FORMULARIO 107 VER','IM_F107_VR', '0'),
(192,'IMPUESTOS TALON RESUMEN VER','IM_TR_VR', '0'),
(193,'IMPUESTOS ATS VER','IM_AT_VR', '0'),
(194,'CUENTAS POR COBRAR CREAR','CX_XC_CR', '0'),
(195,'CUENTAS POR COBRAR MODIFICAR','CX_XC_MO', '0'),
(196,'CUENTAS POR COBRAR VER','CX_XC_VR', '0'),
(197,'CUENTAS POR COBRAR ELIMINAR','CX_XC_EL', '0'),
(198,'CUENTAS POR PAGAR CREAR','CX_XP_CR', '0'),
(199,'CUENTAS POR PAGAR MODIFICAR','CX_XP_MO', '0'),
(200,'CUENTAS POR PAGAR VER','CX_XP_VR', '0'),
(201,'CUENTAS POR PAGAR ELIMINAR','CX_XP_EL', '0'),

Este permiso no existe en el script
(202,'USUARIOS PERMISOS VER','US_PE_VR', '0');





INSERT INTO public.ad_grupos_permisos (id_grupo, id_permiso) 
VALUES
(10,1),
(10,2),
(10,3),
(10,4),
(10,5),
(10,6),
(10,7),
(10,8),
(10,9),
(10,10),
(10,11),
(10,12),
(10,13),
(10,14),
(10,15),
(10,16),
(10,17),
(10,18),
(10,19),
(10,20),
(10,21),
(10,22),
(10,23),
(10,24),
(10,25),
(10,26),
(10,27),
(10,28),
(10,29),
(10,30),
(10,31),
(10,32),
(10,33),
(10,34),
(10,35),
(10,36),
(10,37),
(10,38),
(10,39),
(10,40),
(10,41),
(10,42),
(10,43),
(10,44),
(10,45),
(10,46),
(10,47),
(10,48),
(10,49),
(10,50),
(10,51),
(10,52),
(10,53),
(10,54),
(10,55),
(10,56),
(10,57),
(10,58),
(10,59),
(10,60),
(10,61),
(10,62),
(10,63),
(10,64),
(10,65),
(10,66),
(10,67),
(10,68),
(10,69),
(10,70),
(10,71),
(10,72),
(10,73),
(10,74),
(10,75),
(10,76),
(10,77),
(10,78),
(10,79),
(10,80),
(10,81),
(10,82),
(10,83),
(10,84),
(10,85),
(10,86),
(10,87),
(10,88),
(10,89),
(10,90),
(10,91),
(10,92),
(10,93),
(10,94),
(10,95),
(10,96),
(10,97),
(10,98),
(10,99),
(10,100),
(10,101),
(10,102),
(10,103),
(10,104),
(10,105),
(10,106),
(10,107),
(10,108),
(10,109),
(10,110),
(10,111),
(10,112),
(10,113),
(10,114),
(10,115),
(10,116),
(10,117),
(10,118),
(10,119),
(10,120),
(10,121),
(10,122),
(10,123),
(10,124),
(10,125),
(10,126),
(10,127),
(10,128),
(10,129),
(10,130),
(10,131),
(10,132),
(10,133),
(10,134),
(10,135),
(10,136),
(10,137),
(10,138),
(10,139),
(10,140),
(10,141),
(10,142),
(10,143),
(10,144),
(10,145),
(10,146),
(10,147),
(10,148),
(10,149),
(10,150),
(10,151),
(10,152),
(10,153),
(10,154),
(10,155),
(10,156),
(10,157),
(10,158),
(10,159),
(10,160),
(10,161),
(10,162),
(10,163),
(10,164),
(10,165),
(10,166),
(10,167),
(10,168),
(10,169),
(10,170),
(10,171),
(10,172),
(10,173),
(10,174),
(10,175),
(10,176),
(10,177),
(10,178),
(10,179),
(10,180),
(10,181),
(10,182),
(10,183),
(10,184),
(10,185),
(10,186),
(10,187),
(10,188),
(10,189),
(10,190),
(10,191),
(10,192),
(10,193),
(10,194),
(10,195),
(10,196),
(10,197),
(10,198),
(10,199),
(10,200),
(10,201),
(10,202);



INSERT INTO public.ad_rol_grupos(id_rol, id_grupo) values
(9,10);

INSERT INTO public.ad_usuarios_roles(id_rol, id_usuario) values
(9, 4);