-- PROVINCIAS
INSERT INTO public.tb_provincias
(codigo_provincia, provincia, deleted)
VALUES
('01', 'AZUAY', false),
('02', 'BOLIVAR', false),
('03', 'CAÑAR', false),
('04', 'CARCHI', false),
('05', 'COTOPAXI', false),
('06', 'CHIMBORAZO', false),
('07', 'EL ORO', false),
('08', 'ESMERALDAS', false),
('09', 'GUAYAS', false),
('10', 'IMBABURA', false),
('11', 'LOJA', false),
('12', 'LOS RIOS', false),
('13', 'MANABI', false),
('14', 'MORONA SANTIAGO', false),
('15', 'NAPO', false),
('16', 'PASTAZA', false),
('17', 'PICHINCHA', false),
('18', 'TUNGURAHUA', false),
('19', 'ZAMORA CHINCHIPE', false),
('20', 'GALAPAGOS', false),
('21', 'SUCUMBIOS', false),
('22', 'ORELLANA', false),
('23', 'SANTO DOMINGO DE LOS TSÁCHILAS', false),
('24', 'SANTA ELENA', false);
-- CANTONES

INSERT INTO public.tb_cantones
(codigo_canton, canton, codigo_provincia,  deleted)
VALUES
('0101', 'CUENCA', '01', false),
('0102', 'GIRON', '01', false),
('0103', 'GUALACEO', '01', false),
('0104', 'NABON', '01', false),
('0105', 'PAUTE', '01', false),
('0106', 'PUCARA', '01', false),
('0107', 'SAN FERNANDO', '01', false),
('0108', 'SANTA ISABEL', '01', false),
('0109', 'SIGSIG', '01', false),
('0110', 'OÑA', '01', false),
('0111', 'CHORDELEG', '01', false),
('0112', 'EL PAN', '01', false),
('0113', 'SEVILLA DE ORO', '01', false),
('0114', 'GUACHAPALA', '01', false),
('0115', 'CAMILO PONCE ENRIQUEZ', '01', false),
('0201', 'GUARANDA', '02', false),
('0202', 'CHILLANES', '02', false),
('0203', 'CHIMBO', '02', false),
('0204', 'ECHEANDIA', '02', false),
('0205', 'SAN MIGUEL', '02', false),
('0206', 'CALUMA', '02', false),
('0207', 'LAS NAVES', '02', false),
('0301', 'AZOGUES', '03', false),
('0302', 'BIBLIAN', '03', false),
('0303', 'CAÑAR', '03', false),
('0304', 'LA TRONCAL', '03', false),
('0305', 'EL TAMBO', '03', false),
('0306', 'DELEG', '03', false),
('0307', 'SUSCAL', '03', false),
('0401', 'TULCAN', '04', false),
('0402', 'BOLIVAR', '04', false),
('0403', 'ESPEJO', '04', false),
('0404', 'MIRA', '04', false),
('0405', 'MONTUFAR', '04', false),
('0406', 'SAN PEDRO DE HUACA', '04', false),
('0501', 'LATACUNGA', '05', false),
('0502', 'LA MANA', '05', false),
('0503', 'PANGUA', '05', false),
('0504', 'PUJILI', '05', false),
('0505', 'SALCEDO', '05', false),
('0506', 'SAQUISILI', '05', false),
('0507', 'SIGCHOS', '05', false),
('0601', 'RIOBAMBA', '06', false),
('0602', 'ALAUSI', '06', false),
('0603', 'COLTA', '06', false),
('0604', 'CHAMBO', '06', false),
('0605', 'CHUNCHI', '06', false),
('0606', 'GUAMOTE', '06', false),
('0607', 'GUANO', '06', false),
('0608', 'PALLATANGA', '06', false),
('0609', 'PENIPE', '06', false),
('0610', 'CUMANDA', '06', false),
('0701', 'MACHALA', '07', false),
('0702', 'ARENILLAS', '07', false),
('0703', 'ATAHUALPA', '07', false),
('0704', 'BALSAS', '07', false),
('0705', 'CHILLA', '07', false),
('0706', 'EL GUABO', '07', false),
('0707', 'HUAQUILLAS', '07', false),
('0708', 'MARCABELI', '07', false),
('0709', 'PASAJE', '07', false),
('0710', 'PIÑAS', '07', false),
('0711', 'PORTOVELO', '07', false),
('0712', 'SANTA ROSA', '07', false),
('0713', 'ZARUMA', '07', false),
('0714', 'LAS LAJAS', '07', false),
('0801', 'ESMERALDAS', '08', false),
('0802', 'ELOY ALFARO', '08', false),
('0803', 'MUISNE', '08', false),
('0804', 'QUININDE', '08', false),
('0805', 'SAN LORENZO', '08', false),
('0806', 'ATACAMES', '08', false),
('0807', 'RIO VERDE', '08', false),
('0808', 'LA CONCORDIA', '08', false),
('0901', 'GUAYAQUIL', '09', false),
('0902', 'ALFREDO BAQUERIZO MORENO', '09', false),
('0903', 'BALAO', '09', false),
('0904', 'BALZAR', '09', false),
('0905', 'COLIMES', '09', false),
('0906', 'DAULE', '09', false),
('0907', 'DURAN', '09', false),
('0908', 'EL EMPALME', '09', false),
('0909', 'EL TRIUNFO', '09', false),
('0910', 'MILAGRO', '09', false),
('0911', 'NARANJAL', '09', false),
('0912', 'NARANJITO', '09', false),
('0913', 'PALESTINA', '09', false),
('0914', 'PEDRO CARBO', '09', false),
('0916', 'SAMBORONDON', '09', false),
('0918', 'SANTA LUCIA', '09', false),
('0919', 'SALITRE', '09', false),
('0920', 'SAN JACINTO DE YAGUACHI', '09', false),
('0921', 'PLAYAS (GENERAL VILLAMIL)', '09', false),
('0922', 'SIMON BOLIVAR', '09', false),
('0923', 'CORONEL MARCELINO MARIDUEÑA', '09', false),
('0924', 'LOMAS DE SARGENTILLO', '09', false),
('0925', 'NOBOL (VICENTE PIEDRAHITA)', '09', false),
('0927', 'GENERAL ANTONIO ELIZALDE', '09', false),
('0928', 'ISIDRO AYORA', '09', false),
('1001', 'IBARRA', '10', false),
('1002', 'ANTONIO ANTE', '10', false),
('1003', 'COTACACHI', '10', false),
('1004', 'OTAVALO', '10', false),
('1005', 'PIMAMPIRO', '10', false),
('1006', 'SAN MIGUEL DE URCUQUI', '10', false),
('1101', 'LOJA', '11', false),
('1102', 'CALVAS', '11', false),
('1103', 'CATAMAYO', '11', false),
('1104', 'CELICA', '11', false),
('1105', 'CHAHUARPAMBA', '11', false),
('1106', 'ESPINDOLA', '11', false),
('1107', 'GONZANAMA', '11', false),
('1108', 'MACARA', '11', false),
('1109', 'PALTAS', '11', false),
('1110', 'PUYANGO', '11', false),
('1111', 'SARAGURO', '11', false),
('1112', 'SOZORANGA', '11', false),
('1113', 'ZAPOTILLO', '11', false),
('1114', 'PINDAL', '11', false),
('1115', 'QUILANGA', '11', false),
('1116', 'OLMEDO', '11', false),
('1201', 'BABAHOYO', '12', false),
('1202', 'BABA', '12', false),
('1203', 'MONTALVO', '12', false),
('1204', 'PUEBLO VIEJO', '12', false),
('1205', 'QUEVEDO', '12', false),
('1206', 'URDANETA', '12', false),
('1207', 'VENTANAS', '12', false),
('1208', 'VINCES', '12', false),
('1209', 'PALENQUE', '12', false),
('1210', 'BUENA FE', '12', false),
('1211', 'VALENCIA', '12', false),
('1212', 'MOCACHE', '12', false),
('1213', 'QUINSALOMA', '12', false),
('1301', 'PORTOVIEJO', '13', false),
('1302', 'BOLIVAR', '13', false),
('1303', 'CHONE', '13', false),
('1304', 'EL CARMEN', '13', false),
('1305', 'FLAVIO ALFARO', '13', false),
('1306', 'JIPIJAPA', '13', false),
('1307', 'JUNIN', '13', false),
('1308', 'MANTA', '13', false),
('1309', 'MONTECRISTI', '13', false),
('1310', 'PAJAN', '13', false),
('1311', 'PICHINCHA', '13', false),
('1312', 'ROCAFUERTE', '13', false),
('1313', 'SANTA ANA', '13', false),
('1314', 'SUCRE', '13', false),
('1315', 'TOSAGUA', '13', false),
('1316', '24 DE MAYO', '13', false),
('1317', 'PEDERNALES', '13', false),
('1318', 'OLMEDO', '13', false),
('1319', 'PUERTO LOPEZ', '13', false),
('1320', 'JAMA', '13', false),
('1321', 'JARAMIJO', '13', false),
('1322', 'SAN VICENTE', '13', false),
('1401', 'MORONA', '14', false),
('1402', 'GUALAQUIZA', '14', false),
('1403', 'LIMON - INDANZA', '14', false),
('1404', 'PALORA', '14', false),
('1405', 'SANTIAGO', '14', false),
('1406', 'SUCUA', '14', false),
('1407', 'HUAMBOYA', '14', false),
('1408', 'SAN JUAN BOSCO', '14', false),
('1409', 'TAISHA', '14', false),
('1410', 'LOGROÑO', '14', false),
('1411', 'PABLO SEXTO', '14', false),
('1412', 'TIWINTZA', '14', false),
('1501', 'TENA', '15', false),
('1503', 'ARCHIDONA', '15', false),
('1504', 'EL CHACO', '15', false),
('1507', 'QUIJOS', '15', false),
('1509', 'CARLOS JULIO AROSEMENA T.', '15', false),
('1601', 'PASTAZA', '16', false),
('1602', 'MERA', '16', false),
('1603', 'SANTA CLARA', '16', false),
('1604', 'ARAJUNO', '16', false),
('1701', 'QUITO', '17', false),
('1702', 'CAYAMBE', '17', false),
('1703', 'MEJIA', '17', false),
('1704', 'PEDRO MONCAYO', '17', false),
('1705', 'RUMIÑAHUI', '17', false),
('1707', 'SAN MIGUEL DE LOS BANCOS', '17', false),
('1708', 'PEDRO VICENTE MALDONADO', '17', false),
('1709', 'PUERTO QUITO', '17', false),
('1801', 'AMBATO', '18', false),
('1802', 'BAÑOS DE AGUA SANTA', '18', false),
('1803', 'CEVALLOS', '18', false),
('1804', 'MOCHA', '18', false),
('1805', 'PATATE', '18', false),
('1806', 'QUERO', '18', false),
('1807', 'SAN PEDRO DE PELILEO', '18', false),
('1808', 'SANTIAGO DE PILLARO', '18', false),
('1809', 'TISALEO', '18', false),
('1901', 'ZAMORA', '19', false),
('1902', 'CHINCHIPE', '19', false),
('1903', 'NANGARITZA', '19', false),
('1904', 'YACUAMBI', '19', false),
('1905', 'YANTZAZA', '19', false),
('1906', 'EL PANGUI', '19', false),
('1907', 'CENTINELA DEL CONDOR', '19', false),
('1908', 'PALANDA', '19', false),
('1909', 'PAQUISHA', '19', false),
('2001', 'SAN CRISTOBAL', '20', false),
('2002', 'ISABELA', '20', false),
('2003', 'SANTA CRUZ', '20', false),
('2101', 'LAGO AGRIO', '21', false),
('2102', 'GONZALO PIZARRO', '21', false),
('2103', 'PUTUMAYO', '21', false),
('2104', 'SHUSHUFINDI', '21', false),
('2105', 'SUCUMBIOS', '21', false),
('2106', 'CASCALES', '21', false),
('2107', 'CUYABENO', '21', false),
('2201', 'FRANCISCO DE ORELLANA', '22', false),
('2202', 'AGUARICO', '22', false),
('2203', 'LA JOYA DE LOS SACHAS', '22', false),
('2204', 'LORETO', '22', false),
('2301', 'SANTO DOMINGO', '23', false),
('2401', 'SANTA ELENA', '24', false),
('2402', 'LA LIBERTAD', '24', false),
('2403', 'SALINAS', '24', false);

-- PARROQUIAS

INSERT INTO public.tb_parroquias
(codigo_parroquia, parroquia, codigo_canton, deleted)
VALUES
('010101', 'BELLAVISTA', '0101', false),
('010102', 'CAÑARIBAMBA', '0101', false),
('010103', 'EL BATAN', '0101', false),
('010104', 'EL SAGRARIO', '0101', false),
('010105', 'EL VECINO', '0101', false),
('010106', 'GIL RAMIREZ DAVALOS', '0101', false),
('010107', 'HUAYNACAPAC', '0101', false),
('010108', 'MACHANGARA', '0101', false),
('010109', 'MONAY', '0101', false),
('010110', 'SAN BLAS', '0101', false),
('010111', 'SAN SEBASTIAN', '0101', false),
('010112', 'SUCRE', '0101', false),
('010113', 'TOTORACOCHA', '0101', false),
('010114', 'YANUNCAY', '0101', false),
('010115', 'HERMANO MIGUEL', '0101', false),
('010150', 'CUENCA', '0101', false),
('010151', 'BAÑOS', '0101', false),
('010152', 'CUMBE', '0101', false),
('010153', 'CHAUCHA', '0101', false),
('010154', 'CHECA (JIDCAY)', '0101', false),
('010155', 'CHIQUINTAD', '0101', false),
('010156', 'LLACAO', '0101', false),
('010157', 'MOLLETURO', '0101', false),
('010158', 'NULTI', '0101', false),
('010159', 'OCTAVIO CORDERO PALACIOS (SANTA ROSA)', '0101', false),
('010160', 'PACCHA', '0101', false),
('010161', 'QUINGEO', '0101', false),
('010162', 'RICAURTE', '0101', false),
('010163', 'SAN JOAQUIN', '0101', false),
('010164', 'SANTA ANA', '0101', false),
('010165', 'SAYAUSI', '0101', false),
('010166', 'SIDCAY', '0101', false),
('010167', 'SININCAY', '0101', false),
('010168', 'TARQUI', '0101', false),
('010169', 'TURI', '0101', false),
('010170', 'VALLE', '0101', false),
('010171', 'VICTORIA DEL PORTETE (IRQUIS)', '0101', false),
('010250', 'GIRON', '0102', false),
('010251', 'ASUNCION', '0102', false),
('010252', 'SAN GERARDO', '0102', false),
('010350', 'GUALACEO', '0103', false),
('010351', 'CHORDELEG', '0103', false),
('010352', 'DANIEL CORDOVA TORAL (EL ORIENTE)', '0103', false),
('010353', 'JADAN', '0103', false),
('010354', 'MARIANO MORENO', '0103', false),
('010355', 'PRINCIPAL', '0103', false),
('010356', 'REMIGIO CRESPO TORAL (GULAG)', '0103', false),
('010357', 'SAN JUAN', '0103', false),
('010358', 'ZHIDMAD', '0103', false),
('010359', 'LUIS CORDERO VEGA', '0103', false),
('010360', 'SIMÓN BOLÍVAR (CAB. EN GAÑANZOL)', '0103', false),
('010450', 'NABON', '0104', false),
('010451', 'COCHAPATA', '0104', false),
('010452', 'EL PROGRESO (CAB. EN ZHOTA)', '0104', false),
('010453', 'LAS NIEVES (CHAYA)', '0104', false),
('010454', 'OÑA', '0104', false),
('010455', 'LA PAZ', '0104', false),
('010550', 'PAUTE', '0105', false),
('010551', 'AMALUZA', '0105', false),
('010552', 'BULAN (JOSE VICTOR IZQUIERDO)', '0105', false),
('010553', 'CHICAN (GUILLERMO ORTEGA)', '0105', false),
('010554', 'EL CABO', '0105', false),
('010555', 'GUIACHAPALA', '0105', false),
('010556', 'GUARAINAG', '0105', false),
('010557', 'PALMAS', '0105', false),
('010558', 'PAN ', '0105', false),
('010559', 'SAN CRISTOBAL (CARLOS ORDOÑEZ LAZO)', '0105', false),
('010560', 'SEVILLA DE ORO', '0105', false),
('010561', 'TOMEBAMBA', '0105', false),
('010562', 'DUG-DUG', '0105', false),
('010650', 'PUCARA', '0106', false),
('010651', 'CAMILO PONCE ENRIQUEZ (CAB. EN RIO 7 DE MOLLEPONGO)', '0106', false),
('010652', 'SAN RAFAEL DE SHARUG', '0106', false),
('010750', 'SAN FERNANDO', '0107', false),
('010751', 'CHUMBLIN', '0107', false),
('010850', 'SANTA ISABEL (CHAGUARURCO)', '0108', false),
('010851', 'ABDON CALDERON (LA UNION)', '0108', false),
('010852', 'EL CARMEN DE PIJILI', '0108', false),
('010853', 'ZHAGLLI (SHAGLLI)', '0108', false),
('010854', 'SAN SALVADOR DE CAÑARIBAMBA', '0108', false),
('010950', 'SIGSIG', '0109', false),
('010951', 'CUCHIL (CUTCHIL)', '0109', false),
('010952', 'GIMA', '0109', false),
('010953', 'GUEL', '0109', false),
('010954', 'LUDO', '0109', false),
('010955', 'SAN BARTOLOME', '0109', false),
('010956', 'SAN JOSE DE RARANGA', '0109', false),
('011050', 'SAN FELIPE DE OÑA', '0110', false),
('011051', 'SUSUDEL', '0110', false),
('011150', 'CHORDELEG', '0111', false),
('011151', 'PRINCIPAL', '0111', false),
('011152', 'LA UNION', '0111', false),
('011153', 'LUIS GALARZA ORELLANA (CAB. EN DELEGSOL)', '0111', false),
('011154', 'SAN MARTIN DE PUZHIO', '0111', false),
('011250', 'EL PAN', '0112', false),
('011251', 'AMALUZA', '0112', false),
('011252', 'PALMAS', '0112', false),
('011253', 'SAN VICENTE', '0112', false),
('011350', 'SEVILLA DE ORO', '0113', false),
('011351', 'AMALUZA', '0113', false),
('011352', 'PALMAS', '0113', false),
('011450', 'GUACHAPALA', '0114', false),
('011550', 'CAMILO PONCE ENRIQUEZ', '0115', false),
('011551', 'EL CARMEN DE PIJILI', '0115', false),
('020101', 'ANGEL POLIBIO CHAVEZ', '0201', false),
('020102', 'GABRIEL IGNACIO VEINTIMILLA', '0201', false),
('020103', 'GUANUJO', '0201', false),
('020150', 'GUARANDA', '0201', false),
('020151', 'FACUNDO VELA', '0201', false),
('020153', 'JULIO E. MORENO (CATAHUAN GRANDE)', '0201', false),
('020154', 'LAS NAVES', '0201', false),
('020155', 'SALINAS', '0201', false),
('020156', 'SAN LORENZO', '0201', false),
('020157', 'SAN SIMON (YACOTO)', '0201', false),
('020158', 'SANTA FE (SANTA FE)', '0201', false),
('020159', 'SIMIATUG', '0201', false),
('020160', 'SAN LUIS DE PAMBIL', '0201', false),
('020250', 'CHILLANES', '0202', false),
('020251', 'SAN JOSE DEL TAMBO (TAMBOPAMBA)', '0202', false),
('020350', 'SAN JOSE DE CHIMBO', '0203', false),
('020351', 'ASUNCION (ASANCOTO)', '0203', false),
('020352', 'CALUMA', '0203', false),
('020353', 'MAGDALENA (CHAPACOTO)', '0203', false),
('020354', 'SAN SEBASTIAN', '0203', false),
('020355', 'TELIMBELA', '0203', false),
('020450', 'ECHEANDIA', '0204', false),
('020550', 'SAN MIGUEL', '0205', false),
('020551', 'BALSAPAMBA', '0205', false),
('020552', 'BILOVAN', '0205', false),
('020553', 'REGULO DE MORA', '0205', false),
('020554', 'SAN PABLO (SAN PABLO DE ATENAS)', '0205', false),
('020555', 'SANTIAGO', '0205', false),
('020556', 'SAN VICENTE', '0205', false),
('020650', 'CALUMA', '0206', false),
('020701', 'LAS MERCEDES', '0207', false),
('020702', 'LAS NAVES', '0207', false),
('020750', 'LAS NAVES', '0207', false),
('030101', 'AURELIO BAYAS MARTINEZ', '0301', false),
('030102', 'AZOGUES', '0301', false),
('030103', 'BORRERO', '0301', false),
('030104', 'SAN FRANCISCO', '0301', false),
('030150', 'AZOGUES', '0301', false),
('030151', 'COJITAMBO', '0301', false),
('030152', 'DELEG', '0301', false),
('030153', 'GUAPAN', '0301', false),
('030154', 'JAVIER LOYOLA (CHUQUIPATA)', '0301', false),
('030155', 'LUIS CORDERO', '0301', false),
('030156', 'PINDILIG', '0301', false),
('030157', 'RIVERA', '0301', false),
('030158', 'SAN MIGUEL', '0301', false),
('030159', 'SOLANO', '0301', false),
('030160', 'TADAY', '0301', false),
('030250', 'BIBLIAN', '0302', false),
('030251', 'NAZON', '0302', false),
('030252', 'SAN FRANCISCO DE SAGEO', '0302', false),
('030253', 'TURUPAMBA', '0302', false),
('030254', 'JERUSALEN', '0302', false),
('030350', 'CAÑAR', '0303', false),
('030351', 'CHONTAMARCA', '0303', false),
('030352', 'CHOROCOPTE', '0303', false),
('030353', 'GENERAL MORALES (SOCARTE)', '0303', false),
('030354', 'GUALLETURO', '0303', false),
('030355', 'HONORATO VASQUEZ (TAMBO VIEJO)', '0303', false),
('030356', 'INGAPIRCA', '0303', false),
('030357', 'JUNCAL', '0303', false),
('030358', 'SAN ANTONIO', '0303', false),
('030359', 'SUSCAL', '0303', false),
('030360', 'TAMBO', '0303', false),
('030361', 'ZHUD', '0303', false),
('030362', 'VENTURA', '0303', false),
('030363', 'DUCUR', '0303', false),
('030450', 'LA TRONCAL', '0304', false),
('030451', 'MANUEL J. CALLE', '0304', false),
('030452', 'PANCHO NEGRO', '0304', false),
('030550', 'EL TAMBO', '0305', false),
('030650', 'DELEG', '0306', false),
('030651', 'SOLANO', '0306', false),
('030750', 'SUSCAL', '0307', false),
('040101', 'GONZALES SUAREZ', '0401', false),
('040102', 'TULCAN', '0401', false),
('040150', 'TULCAN', '0401', false),
('040151', 'EL CARMELO (EL PUN)', '0401', false),
('040152', 'HUACA', '0401', false),
('040153', 'JULIO ANDRADE (OREJUELA)', '0401', false),
('040154', 'MALDONADO', '0401', false),
('040155', 'PIOTER', '0401', false),
('040156', 'TOBAR DONOSO (LA BOCANA DE CAMUMBI)', '0401', false),
('040157', 'TUFIÑO', '0401', false),
('040158', 'URBINA (TAYA)', '0401', false),
('040159', 'EL CHICAL', '0401', false),
('040160', 'MARISCAL SUCRE', '0401', false),
('040161', 'SANTA MARTHA DE CUBA', '0401', false),
('040250', 'BOLIVAR', '0402', false),
('040251', 'GARCIA MORENO', '0402', false),
('040252', 'LOS ANDES', '0402', false),
('040253', 'MONTE OLIVO', '0402', false),
('040254', 'SAN VICENTE DE PUSIR', '0402', false),
('040255', 'SAN RAFAEL', '0402', false),
('040301', 'EL ANGEL', '0403', false),
('040302', '27 DE SEPTIEMBRE', '0403', false),
('040350', 'EL ANGEL', '0403', false),
('040351', 'EL GOALTAL', '0403', false),
('040352', 'LA LIBERTAD (ALIZO)', '0403', false),
('040353', 'SAN ISIDRO', '0403', false),
('040450', 'MIRA (CHONTAHUASI)', '0404', false),
('040451', 'CONCEPCION', '0404', false),
('040452', 'JIJON Y CAAMAÑO (CAB. EN RIO BLANCO)', '0404', false),
('040453', 'JUAN MONTALVO (SAN IGNACIO DE QUIL)', '0404', false),
('040501', 'GONZALEZ SUAREZ', '0405', false),
('040502', 'SAN JOSE', '0405', false),
('040550', 'SAN GABRIEL', '0405', false),
('040551', 'CRISTOBAL COLON', '0405', false),
('040552', 'CHITAN DE NAVARRETE', '0405', false),
('040553', 'FERNANDEZ SALVADOR', '0405', false),
('040554', 'LA PAZ', '0405', false),
('040555', 'PIARTAL', '0405', false),
('040650', 'HUACA', '0406', false),
('040651', 'MARISCAL SUCRE', '0406', false),
('050101', 'ELOY ALFARO (SAN FELIPE)', '0501', false),
('050102', 'IGNACIO FLORES (PARQUE FLORES)', '0501', false),
('050103', 'JUAN MONTALVO (SAN SEBASTIAN)', '0501', false),
('050104', 'LA MATRIZ', '0501', false),
('050105', 'SAN BUENAVENTURA', '0501', false),
('050150', 'LATACUNGA', '0501', false),
('050151', 'ALAQUES (ALAQUEZ)', '0501', false),
('050152', 'BELISARIO QUEVEDO (GUANAILIN)', '0501', false),
('050153', 'GUAITACAMA (GUAYTACAMA)', '0501', false),
('050154', 'JOSEGUANGO BAJO', '0501', false),
('050155', 'LAS PAMPAS', '0501', false),
('050156', 'MULALO', '0501', false),
('050157', '11 DE NOVIEMBRE (ILINCHISI)', '0501', false),
('050158', 'POALO', '0501', false),
('050159', 'SAN JUAN DE PASTOCALLE', '0501', false),
('050160', 'SIGCHOS', '0501', false),
('050161', 'TANICUCHI', '0501', false),
('050162', 'TOACASO', '0501', false),
('050163', 'PALO QUEMADO', '0501', false),
('050201', 'EL CARMEN', '0502', false),
('050202', 'LA MANA', '0502', false),
('050203', 'EL TRIUNFO', '0502', false),
('050250', 'LA MANA', '0502', false),
('050251', 'GUASAGANDA (CAB. EN GUSAGANDA CENTRO)', '0502', false),
('050252', 'PUCAYACU', '0502', false),
('050350', 'EL CORAZON', '0503', false),
('050351', 'MORASPUNGO', '0503', false),
('050352', 'PINLLOPATA', '0503', false),
('050353', 'RAMON CAMPAÑA', '0503', false),
('050450', 'PUJILI', '0504', false),
('050451', 'ANGAMARCA', '0504', false),
('050452', 'CHUCCHILAN (CHUGCHILAN)', '0504', false),
('050453', 'GUANGAJE', '0504', false),
('050454', 'ISINLIBI (ISINLIVI)', '0504', false),
('050455', 'LA VICTORIA', '0504', false),
('050456', 'PILALO', '0504', false),
('050457', 'TINGO', '0504', false),
('050458', 'ZUMBAHUA', '0504', false),
('050550', 'SAN MIGUEL', '0505', false),
('050551', 'ANTONIO JOSE HOLGUIN (SANTA LUCIA)', '0505', false),
('050552', 'CUSUBAMBA', '0505', false),
('050553', 'MULALILLO', '0505', false),
('050554', 'MULLIQUINDIL (SANTA ANA)', '0505', false),
('050555', 'PANSALEO', '0505', false),
('050650', 'SAQUISILI', '0506', false),
('050651', 'CANCHAGUA', '0506', false),
('050652', 'CHANTILIN', '0506', false),
('050653', 'COCHAPAMBA', '0506', false),
('050750', 'SIGCHOS', '0507', false),
('050751', 'CHUGCHILAN', '0507', false),
('050752', 'ISINLIVI', '0507', false),
('050753', 'LAS PAMPAS', '0507', false),
('050754', 'PALO QUEMADO', '0507', false),
('060101', 'LIZARZABURU', '0601', false),
('060102', 'MALDONADO', '0601', false),
('060103', 'VELASCO', '0601', false),
('060104', 'VELOZ', '0601', false),
('060105', 'YARUQUIES', '0601', false),
('060150', 'RIOBAMBA', '0601', false),
('060151', 'CACHA (CAB. EN MACHANGARA)', '0601', false),
('060152', 'CALPI', '0601', false),
('060153', 'CUBIJIES', '0601', false),
('060154', 'FLORES', '0601', false),
('060155', 'LICAN', '0601', false),
('060156', 'LICTO', '0601', false),
('060157', 'PUNGALA', '0601', false),
('060158', 'PUNIN', '0601', false),
('060159', 'QUIMIAG', '0601', false),
('060160', 'SAN JUAN', '0601', false),
('060161', 'SAN LUIS', '0601', false),
('060250', 'ALAUSI', '0602', false),
('060251', 'ACHUPALLAS', '0602', false),
('060252', 'CUMANDA', '0602', false),
('060253', 'GUASUNTOS', '0602', false),
('060254', 'HUIGRA', '0602', false),
('060255', 'MULTITUD', '0602', false),
('060256', 'PISTISHI (NARIZ DEL DIABLO)', '0602', false),
('060257', 'PUMALLACTA (PUMA-LACTA)', '0602', false),
('060258', 'SEVILLA', '0602', false),
('060259', 'SIBAMBE', '0602', false),
('060260', 'TIXAN', '0602', false),
('060301', 'CAJABAMBA', '0603', false),
('060302', 'SICALPA', '0603', false),
('060350', 'VILLA LA UNION (CAJABAMBA)', '0603', false),
('060351', 'CAÑI', '0603', false),
('060352', 'COLUMBE', '0603', false),
('060353', 'JUAN DE VELASCO (PANGOR)', '0603', false),
('060354', 'SANTIAGO DE QUITO (CAB. EN SAN ANTONIO DE QUITO)', '0603', false),
('060450', 'CHAMBO', '0604', false),
('060550', 'CHUNCHI', '0605', false),
('060551', 'CAPZOL', '0605', false),
('060552', 'COMPUD', '0605', false),
('060553', 'GONZOL', '0605', false),
('060554', 'LLAGOS', '0605', false),
('060650', 'GUAMOTE', '0606', false),
('060651', 'CEBADAS', '0606', false),
('060652', 'PALMIRA', '0606', false),
('060701', 'EL ROSARIO', '0607', false),
('060702', 'LA MATRIZ', '0607', false),
('060750', 'GUANO', '0607', false),
('060751', 'GUANANDO', '0607', false),
('060752', 'ILAPO', '0607', false),
('060753', 'LA PROVIDENCIA', '0607', false),
('060754', 'SAN ANDRES', '0607', false),
('060755', 'SAN GERARDO DE PACAICAGUAN', '0607', false),
('060756', 'SAN ISIDRO DE PATULU', '0607', false),
('060757', 'SAN JOSE DEL CHAZO', '0607', false),
('060758', 'SANTA FE DE GALAN', '0607', false),
('060759', 'VALPARAISO', '0607', false),
('060850', 'PALLATANGA', '0608', false),
('060950', 'PENIPE', '0609', false),
('060951', 'EL ALTAR', '0609', false),
('060952', 'MATUS', '0609', false),
('060953', 'PUELA', '0609', false),
('060954', 'SAN ANTONIO DE BAYUSHIG', '0609', false),
('060955', 'LA CANDELARIA', '0609', false),
('060956', 'BILBAO (CAB. EN QUILLUYACU)', '0609', false),
('061050', 'CUMANDA', '0610', false),
('070101', 'LA PROVIDENCIA', '0701', false),
('070102', 'MACHALA', '0701', false),
('070103', 'PUERTO BOLIVAR', '0701', false),
('070104', 'NUEVE DE MAYO', '0701', false),
('070105', 'EL CAMBIO', '0701', false),
('070150', 'MACHALA', '0701', false),
('070151', 'EL CAMBIO', '0701', false),
('070152', 'EL RETIRO', '0701', false),
('070250', 'ARENILLAS', '0702', false),
('070251', 'CHACRAS', '0702', false),
('070252', 'LA LIBERTAD', '0702', false),
('070253', 'LAS LAJAS (CAB. EN LA VICTORIA)', '0702', false),
('070254', 'PALMALES', '0702', false),
('070255', 'CARCABON', '0702', false),
('070350', 'PACCHA', '0703', false),
('070351', 'AYAPAMBA', '0703', false),
('070352', 'CORDONCILLO', '0703', false),
('070353', 'MILAGRO', '0703', false),
('070354', 'SAN JOSE', '0703', false),
('070355', 'SAN JUAN DE CERRO AZUL', '0703', false),
('070450', 'BALSAS', '0704', false),
('070451', 'BELLAMARIA', '0704', false),
('070550', 'CHILLA', '0705', false),
('070650', 'EL GUABO', '0706', false),
('070651', 'BARBONES (SUCRE)', '0706', false),
('070652', 'LA IBERIA', '0706', false),
('070653', 'TENDALES (CAB. EN PUERTO)', '0706', false),
('070654', 'RIO BONITO', '0706', false),
('070701', 'ECUADOR', '0707', false),
('070702', 'EL PARAISO', '0707', false),
('070703', 'HUALTACO', '0707', false),
('070704', 'MILTON REYES', '0707', false),
('070705', 'UNION LOJANA', '0707', false),
('070750', 'HUAQUILLAS', '0707', false),
('070850', 'MARCABELI', '0708', false),
('070851', 'EL INGENIO', '0708', false),
('070901', 'BOLIVAR', '0709', false),
('070902', 'LOMA DE FRANCO', '0709', false),
('070903', 'OCHOA LEON (MATRIZ)', '0709', false),
('070904', 'TRES CERRITOS', '0709', false),
('070950', 'PASAJE', '0709', false),
('070951', 'BUENAVISTA', '0709', false),
('070952', 'CASACAY', '0709', false),
('070953', 'LA PEAÑA', '0709', false),
('070954', 'PROGRESO', '0709', false),
('070955', 'UZHCURRUMI', '0709', false),
('070956', 'CAÑAQUEMADA', '0709', false),
('071001', 'LA MATRIZ', '0710', false),
('071002', 'LA SUSAYA', '0710', false),
('071003', 'PIÑAS GRANDE', '0710', false),
('071050', 'PIÑAS', '0710', false),
('071051', 'CAPIRO (CAB. EN LA CAPILLA DE CAPIRO)', '0710', false),
('071052', 'LA BOCANA', '0710', false),
('071053', 'MOROMORO (CAB. EN EL VADO)', '0710', false),
('071054', 'PIEDRAS', '0710', false),
('071055', 'SAN ROQUE (AMBROSIO MALDONADO)', '0710', false),
('071056', 'SARACAY', '0710', false),
('071150', 'PORTOVELO', '0711', false),
('071151', 'CURTINCAPA', '0711', false),
('071152', 'MORALES', '0711', false),
('071153', 'SALATI', '0711', false),
('071201', 'SANTA ROSA', '0712', false),
('071202', 'JELI', '0712', false),
('071203', 'BALNEARIO JAMBELÍ (SATÉLITE)', '0712', false),
('071204', 'JUMÓN (SATÉLITE)', '0712', false),
('071205', 'NUEVO SANTA ROSA', '0712', false),
('071250', 'SANTA ROSA', '0712', false),
('071251', 'BELLAVISTA', '0712', false),
('071252', 'JAMBELI', '0712', false),
('071253', 'LA AVANZADA', '0712', false),
('071254', 'SAN ANTONIO', '0712', false),
('071255', 'TORATA', '0712', false),
('071256', 'VICTORIA', '0712', false),
('071257', 'BELLAMARIA', '0712', false),
('071350', 'ZARUMA', '0713', false),
('071351', 'ABAÑIN', '0713', false),
('071352', 'ARCAPAMBA', '0713', false),
('071353', 'GUANAZAN', '0713', false),
('071354', 'GUIZHAGUIÑA', '0713', false),
('071355', 'HUERTAS', '0713', false),
('071356', 'MALVAS', '0713', false),
('071357', 'MULUNCAY GRANDE', '0713', false),
('071358', 'SINSAO', '0713', false),
('071359', 'SALVIAS', '0713', false),
('071401', 'LA VICTORIA', '0714', false),
('071402', 'PLATANILLOS', '0714', false),
('071403', 'VALLE HERMOSO', '0714', false),
('071450', 'LA VICTORIA', '0714', false),
('071451', 'LA LIBERTAD', '0714', false),
('071452', 'EL PARAISO', '0714', false),
('071453', 'SAN ISIDRO', '0714', false),
('080101', 'BARTOLOME RUIZ (CESAR FRANCO CARRION)', '0801', false),
('080102', '5 DE AGOSTO', '0801', false),
('080103', 'ESMERALDAS', '0801', false),
('080104', 'LUIS TELLO (LAS PALMAS)', '0801', false),
('080105', 'SIMÓN PLATA TORRES', '0801', false),
('080150', 'ESMERALDAS', '0801', false),
('080151', 'ATACAMES', '0801', false),
('080152', 'CAMARONES (CAB. EN SAN VICENTE)', '0801', false),
('080153', 'CRNEL. CARLOS CONCHA TORRES (CAB. EN HUELE)', '0801', false),
('080154', 'CHINCA', '0801', false),
('080155', 'CHONTADURO', '0801', false),
('080156', 'CHUMUNDE', '0801', false),
('080157', 'LAGARTO', '0801', false),
('080158', 'LA UNION', '0801', false),
('080159', 'MAJUA', '0801', false),
('080160', 'MONTALVO (CAB. EN HORQUETA)', '0801', false),
('080161', 'RIO VERDE', '0801', false),
('080162', 'ROCAFUERTE', '0801', false),
('080163', 'SAN MATEO', '0801', false),
('080164', 'SUA (CAB. EN LA BOCANA)', '0801', false),
('080165', 'TABIAZO', '0801', false),
('080166', 'TACHINA', '0801', false),
('080167', 'TONCHIGUE', '0801', false),
('080168', 'VUELTA LARGA', '0801', false),
('080250', 'VALDEZ (LIMONES)', '0802', false),
('080251', 'ANCHAYACU', '0802', false),
('080252', 'ATAHUALPA (CAB. EN CAMARONES)', '0802', false),
('080253', 'BORBON', '0802', false),
('080254', 'LA TOLA', '0802', false),
('080255', 'LUIS VARGAS TORRES (CAB. EN PLAYA DE ORO)', '0802', false),
('080256', 'MALDONADO', '0802', false),
('080257', 'PAMPANAL DE BOLIVAR', '0802', false),
('080258', 'SAN FRANCISCO DE ONZOLE', '0802', false),
('080259', 'SANTO DOMINGO DE ONZOLE', '0802', false),
('080260', 'SELVA ALEGRE', '0802', false),
('080261', 'TELEMBI', '0802', false),
('080262', 'COLON ELOY DEL MARIA', '0802', false),
('080263', 'SAN JOSE DE CAYAPAS', '0802', false),
('080264', 'TIMBIRE', '0802', false),
('080265', 'SANTA LUCIA DE LAS PEÑAS', '0802', false),
('080350', 'MUISNE', '0803', false),
('080351', 'BOLIVAR', '0803', false),
('080352', 'DAULE', '0803', false),
('080353', 'GALERA', '0803', false),
('080354', 'QUINGUE (OLMEDO PERDOMO FRANCO)', '0803', false),
('080355', 'SALIMA', '0803', false),
('080356', 'SAN FRANCISCO', '0803', false),
('080357', 'SAN GREGORIO', '0803', false),
('080358', 'SAN JOSE DE CHAMANGA (CAB. EN CHAMANGA)', '0803', false),
('080450', 'ROSA ZARATE (QUININDE)', '0804', false),
('080451', 'CUBE', '0804', false),
('080452', 'CHURA (CHANCAMA)', '0804', false),
('080453', 'MALIMPIA', '0804', false),
('080454', 'VICHE', '0804', false),
('080455', 'LA UNION', '0804', false),
('080550', 'SAN LORENZO', '0805', false),
('080551', 'ALTO TAMBO (CAB. EN GUADUAL)', '0805', false),
('080552', 'ANCON (PICHANGAL) (CAB. EN PALMA REAL)', '0805', false),
('080553', 'CALDERON', '0805', false),
('080554', 'CARONDELET', '0805', false),
('080555', '5 DE JUNIO (CAB. EN UIMBI)', '0805', false),
('080556', 'CONCEPCION', '0805', false),
('080557', 'MATAJE (CAB. EN SANTANDER)', '0805', false),
('080558', 'SAN JAVIER DE CACHAVI (CAB. EN SAN JAVIER)', '0805', false),
('080559', 'SANTA RITA', '0805', false),
('080560', 'TAMBILLO', '0805', false),
('080561', 'TULULBI (CAB. EN RICAURTE)', '0805', false),
('080562', 'URBINA', '0805', false),
('080650', 'ATACAMES', '0806', false),
('080651', 'LA UNION', '0806', false),
('080652', 'SUA (CAB. EN LA BOCANA)', '0806', false),
('080653', 'TONCHIGUE', '0806', false),
('080654', 'TONSUPA', '0806', false),
('080750', 'RIOVERDE', '0807', false),
('080751', 'CHONTADURO', '0807', false),
('080752', 'CHUMUNDE', '0807', false),
('080753', 'LAGARTO', '0807', false),
('080754', 'MONTALVO (CAB. EN HORQUETA)', '0807', false),
('080755', 'ROCAFUERTE', '0807', false),
('080850', 'LA CONCORDIA', '0808', false),
('080851', 'MONTERREY', '0808', false),
('080852', 'LA VILLEGAS', '0808', false),
('080853', 'PLAN PILOTO', '0808', false),
('090101', 'AYACUCHO', '0901', false),
('090102', 'BOLIVAR (SAGRARIO)', '0901', false),
('090103', 'CARBO (CONCEPCION)', '0901', false),
('090104', 'FEBRES CORDERO', '0901', false),
('090105', 'GARCIA MORENO', '0901', false),
('090106', 'LETAMENDI', '0901', false),
('090107', 'NUEVE DE OCTUBRE', '0901', false),
('090108', 'OLMEDO (SAN ALEJO)', '0901', false),
('090109', 'ROCA', '0901', false),
('090110', 'ROCAFUERTE', '0901', false),
('090111', 'SUCRE', '0901', false),
('090112', 'TARQUI', '0901', false),
('090113', 'URDANETA', '0901', false),
('090114', 'XIMENA', '0901', false),
('090115', 'PASCUALES', '0901', false),
('090150', 'GUAYAQUIL', '0901', false),
('090151', 'CHONGON', '0901', false),
('090152', 'JUAN GOMEZ RENDON (PROGRESO)', '0901', false),
('090153', 'MORRO', '0901', false),
('090154', 'PASCUALES', '0901', false),
('090155', 'PLAYAS (GRAL. VILLAMIL)', '0901', false),
('090156', 'POSORJA', '0901', false),
('090157', 'PUNA', '0901', false),
('090158', 'TENGUEL', '0901', false),
('090250', 'ALFREDO BAQUERIZO MORENO', '0902', false),
('090350', 'BALAO', '0903', false),
('090450', 'BALZAR', '0904', false),
('090550', 'COLIMES', '0905', false),
('090551', 'SAN JACINTO', '0905', false),
('090601', 'DAULE', '0906', false),
('090602', 'LA AURORA (SATELITE)', '0906', false),
('090603', 'BANIFE', '0906', false),
('090604', 'EMILIANO CAICEDO MARCOS', '0906', false),
('090605', 'MAGRO', '0906', false),
('090606', 'PADRE JUAN BAUTISTA AGUIRRE', '0906', false),
('090607', 'SANTA CLARA', '0906', false),
('090608', 'VICENTE PIEDRAHITA', '0906', false),
('090650', 'DAULE', '0906', false),
('090651', 'ISIDRO AYORA (SOLEDAD)', '0906', false),
('090652', 'JUAN BAUTISTA AGUIRRE (LOS TINTOS)', '0906', false),
('090653', 'LAUREL', '0906', false),
('090654', 'LIMONAL', '0906', false),
('090655', 'LOMAS DE SARGENTILLO', '0906', false),
('090656', 'LAS LOJAS (ENRIQUE BAQUERIZO MORENO)', '0906', false),
('090657', 'PIEDRAHITA (NOBOL)', '0906', false),
('090701', 'ELOY ALFARO (DURAN)', '0906', false),
('090702', 'EL RECREO', '0906', false),
('090750', 'ELOY ALFARO (DURAN)', '0907', false),
('090850', 'VELASCO IBARRA (EL EMPALME)', '0908', false),
('090851', 'GUAYAS (PUEBLO NUEVO)', '0908', false),
('090852', 'EL ROSARIO', '0908', false),
('090950', 'EL TRIUNFO', '0909', false),
('091050', 'MILAGRO', '0910', false),
('091051', 'CHOBO', '0910', false),
('091052', 'GENERAL ELIZALDE (BUCAY)', '0910', false),
('091053', 'MARISCAL SUCRE (HUAQUES)', '0910', false),
('091054', 'ROBERTO ASTUDILLO (CAB. EN CRUCE DE VENECIA)', '0910', false),
('091150', 'NARANJAL', '0911', false),
('091151', 'JESUS MARIA', '0911', false),
('091152', 'SAN CARLOS', '0911', false),
('091153', 'SANTA ROSA DE FLANDES', '0911', false),
('091154', 'TAURA', '0911', false),
('091250', 'NARANJITO', '0912', false),
('091350', 'PALESTINA', '0913', false),
('091450', 'PEDRO CARBO', '0914', false),
('091451', 'VALLE DE LA VIRGEN', '0914', false),
('091452', 'SABANILLA', '0914', false),
('091601', 'SAMBORONDÓN', '0916', false),
('091602', 'LA PUNTILLA (SATELITE)', '0916', false),
('091650', 'SAMBORONDON', '0916', false),
('091651', 'TARIFA', '0916', false),
('091850', 'SANTA LUCIA', '0918', false),
('091901', 'BOCANA', '0919', false),
('091902', 'CANDILEJOS', '0919', false),
('091903', 'CENTRAL', '0919', false),
('091904', 'PARAISO', '0919', false),
('091905', 'SAN MATEO', '0919', false),
('091950', 'EL SALITRE (LAS RAMAS)', '0919', false),
('091951', 'GENERAL VERNAZA (DOS ESTEROS)', '0919', false),
('091952', 'LA VICTORIA (ÑAUZA)', '0919', false),
('091953', 'JUNQUILLAL', '0919', false),
('092050', 'SAN JACINTO DE YAGUACHI', '0920', false),
('092051', 'CRNEL. LORENZO DE GARAICOA (PEDREGAL)', '0920', false),
('092052', 'CRNEL. MARCELINO MARIDUEÑA (SAN CARLOS)', '0920', false),
('092053', 'GRAL. PEDRO J. MONTERO (BOLICHE)', '0920', false),
('092054', 'SIMON BOLIVAR', '0920', false),
('092055', 'YAGUACHI VIEJO (CONE)', '0920', false),
('092056', 'VIRGEN DE FATIMA', '0920', false),
('092150', 'GENERAL VILLAMIL (PLAYAS)', '0921', false),
('092250', 'SIMON BOLIVAR', '0922', false),
('092251', 'CRNEL. LORENZO DE GARAICOA (PEDREGAL)', '0922', false),
('092350', 'CORONEL MARCELINO MARIDUEÑA (SAN CARLOS)', '0923', false),
('092450', 'LOMAS DE SARGENTILLO', '0924', false),
('092451', 'ISIDRO AYORA (SOLEDAD)', '0924', false),
('092550', 'NARCISA DE JESUS (NOBOL)', '0925', false),
('092750', 'GENERAL ANTONIO ELIZALDE (BUCAY)', '0927', false),
('092850', 'ISIDRO AYORA', '0928', false),
('100101', 'CARANQUI', '1001', false),
('100102', 'GUAYAQUIL DE ALPACHACA', '1001', false),
('100103', 'SAGRARIO', '1001', false),
('100104', 'SAN FRANCISCO', '1001', false),
('100105', 'LA DOLOROSA DEL PIORATO', '1001', false),
('100150', 'IBARRA', '1001', false),
('100151', 'AMBUQUI', '1001', false),
('100152', 'ANGOCHAGUA', '1001', false),
('100153', 'CAROLINA', '1001', false),
('100154', 'LA ESPERANZA', '1001', false),
('100155', 'LITA', '1001', false),
('100156', 'SALINAS', '1001', false),
('100157', 'SAN ANTONIO', '1001', false),
('100201', 'ANDRADE MARIN (LOURDES)', '1002', false),
('100202', 'ATUNTAQUI', '1002', false),
('100250', 'ATUNTAQUI', '1002', false),
('100251', 'IMBAYA (SAN LUIS DE COBUENDO)', '1002', false),
('100252', 'SAN FRANCISCO DE NATABUELA', '1002', false),
('100253', 'SAN JOSE DE CHALTURA', '1002', false),
('100254', 'SAN ROQUE', '1002', false),
('100301', 'SAGRARIO', '1003', false),
('100302', 'SAN FRANCISCO', '1003', false),
('100350', 'COTACACHI', '1003', false),
('100351', 'APUELA', '1003', false),
('100352', 'GARCIA MORENO (LLURIMAGUA)', '1003', false),
('100353', 'IMANTAG', '1003', false),
('100354', 'PEÑAHERRERA', '1003', false),
('100355', 'PLAZA GUTIERREZ (CALVARIO)', '1003', false),
('100356', 'QUIROGA', '1003', false),
('100357', '6 DE JULIO DE CUELLAJE (CAB. EN CUELLAJE)', '1003', false),
('100358', 'VACAS GALINDO (EL CHURO)(CAB. EN SAN MIGUEL ALTO)', '1003', false),
('100401', 'JORDAN', '1004', false),
('100402', 'SAN LUIS', '1004', false),
('100450', 'OTAVALO', '1004', false),
('100451', 'DR. MIGUEL EGAS CABEZAS (PEGUCHE)', '1004', false),
('100452', 'EUGENIO ESPEJO (CALPAQUI)', '1004', false),
('100453', 'GONZALEZ SUAREZ', '1004', false),
('100454', 'PATAQUI', '1004', false),
('100455', 'SAN JOSÉ DE QUICHINCHE', '1004', false),
('100456', 'SAN JUAN DE ILUMAN', '1004', false),
('100457', 'SAN PABLO', '1004', false),
('100458', 'SAN RAFAEL', '1004', false),
('100459', 'SELVA ALEGRE (CAB. EN SAN MIGUEL DE PAMPLONA)', '1004', false),
('100550', 'PIMAMPIRO', '1005', false),
('100551', 'CHUGA', '1005', false),
('100552', 'MARIANO ACOSTA', '1005', false),
('100553', 'SAN FRANCISCO DE SIGSIPAMBA', '1005', false),
('100650', 'URCUQUI', '1006', false),
('100651', 'CAHUASQUI', '1006', false),
('100652', 'LA MERCED DE BUENOS AIRES', '1006', false),
('100653', 'PABLO ARENAS', '1006', false),
('100654', 'SAN BLAS', '1006', false),
('100655', 'TUMBABIRO', '1006', false),
('110101', 'EL SAGRARIO', '1101', false),
('110102', 'SAN SEBASTIAN', '1101', false),
('110103', 'SUCRE', '1101', false),
('110104', 'VALLE', '1101', false),
('110150', 'LOJA', '1101', false),
('110151', 'CHANTACO', '1101', false),
('110152', 'CHUQUIRIBAMBA', '1101', false),
('110153', 'EL CISNE', '1101', false),
('110154', 'GUALEL', '1101', false),
('110155', 'JIMBILLA', '1101', false),
('110156', 'MALACATOS (VALLADOLID)', '1101', false),
('110157', 'SAN LUCAS', '1101', false),
('110158', 'SAN PEDRO DE VILCABAMBA', '1101', false),
('110159', 'SANTIAGO', '1101', false),
('110160', 'TAQUIL (MIGUEL RIOFRIO)', '1101', false),
('110161', 'VILCABAMBA (VICTORIA)', '1101', false),
('110162', 'YANGANA (ARSENIO CASTILLO)', '1101', false),
('110163', 'QUINARA', '1101', false),
('110201', 'CARIAMANGA', '1102', false),
('110202', 'CHILE', '1102', false),
('110203', 'SAN VICENTE', '1102', false),
('110250', 'CARIAMANGA', '1102', false),
('110251', 'COLAISACA', '1102', false),
('110252', 'EL LUCERO', '1102', false),
('110253', 'UTUANA', '1102', false),
('110254', 'SANGUILLIN', '1102', false),
('110301', 'CATAMAYO', '1103', false),
('110302', 'SAN JOSE', '1103', false),
('110350', 'CATAMAYO (LA TOMA)', '1103', false),
('110351', 'EL TAMBO', '1103', false),
('110352', 'GUAYQUICHUMA', '1103', false),
('110353', 'SAN PEDRO DE LA BENDITA', '1103', false),
('110354', 'ZAMBI', '1103', false),
('110450', 'CELICA', '1104', false),
('110451', 'CRUZPAMBA (CAB. EN CARLOS BUSTAMANTE)', '1104', false),
('110452', 'CHAQUINAL', '1104', false),
('110453', '12 DE DICIEMBRE (CAB. EN ACHIOTES)', '1104', false),
('110454', 'PINDAL (FEDERICO PAEZ)', '1104', false),
('110455', 'POZUL (SAN JUAN DE POZUL)', '1104', false),
('110456', 'SABANILLA', '1104', false),
('110457', 'TNTE. MAXIMILIANO RODRIGUEZ LOAYZA', '1104', false),
('110550', 'CHAGUARPAMBA', '1105', false),
('110551', 'BUENAVISTA', '1105', false),
('110552', 'EL ROSARIO', '1105', false),
('110553', 'SANTA RUFINA', '1105', false),
('110554', 'AMARILLOS', '1105', false),
('110650', 'AMALUZA', '1106', false),
('110651', 'BELLAVISTA', '1106', false),
('110652', 'JIMBURA', '1106', false),
('110653', 'SANTA TERESITA', '1106', false),
('110654', '27 DE ABRIL (CAB. EN LA NARANJA)', '1106', false),
('110655', 'EL INGENIO', '1106', false),
('110656', 'EL AIRO', '1106', false),
('110750', 'GONZANAMA', '1107', false),
('110751', 'CHANGAIMINA (LA LIBERTAD)', '1107', false),
('110752', 'FUNDOCHAMBA', '1107', false),
('110753', 'NAMBACOLA', '1107', false),
('110754', 'PURUNUMA (EGUIGUREN)', '1107', false),
('110755', 'QUILANGA (LA PAZ)', '1107', false),
('110756', 'SACAPALCA', '1107', false),
('110757', 'SAN ANTONIO DE LAS ARADAS (CAB. EN LAS ARADAS)', '1107', false),
('110801', 'GENERAL ELOY ALFARO (SAN SEBASTIAN)', '1108', false),
('110802', 'MACARA (MANUEL ENRIQUE RANGEL SUQUILANDA)', '1108', false),
('110850', 'MACARA', '1108', false),
('110851', 'LARAMA', '1108', false),
('110852', 'LA VICTORIA', '1108', false),
('110853', 'SABIANGO (LA CAPILLA)', '1108', false),
('110901', 'CATACOCHA', '1109', false),
('110902', 'LOURDES', '1109', false),
('110950', 'CATACOCHA', '1109', false),
('110951', 'CANGONAMA', '1109', false),
('110952', 'GUACHANAMA', '1109', false),
('110953', 'LA TINGUE', '1109', false),
('110954', 'LAURO GUERRERO', '1109', false),
('110955', 'OLMEDO (SANTA BARBARA)', '1109', false),
('110956', 'ORIANGA', '1109', false),
('110957', 'SAN ANTONIO', '1109', false),
('110958', 'CASANGA', '1109', false),
('110959', 'YAMANA', '1109', false),
('111050', 'ALAMOR', '1110', false),
('111051', 'CIANO', '1110', false),
('111052', 'EL ARENAL', '1110', false),
('111053', 'EL LIMO (MARIANA DE JESUS)', '1110', false),
('111054', 'MERCADILLO', '1110', false),
('111055', 'VICENTINO', '1110', false),
('111150', 'SARAGURO', '1111', false),
('111151', 'EL PARAISO DE CELEN', '1111', false),
('111152', 'EL TABLON', '1111', false),
('111153', 'LLUZHAPA', '1111', false),
('111154', 'MANU', '1111', false),
('111155', 'SAN ANTONIO DE QUIMBE (CUMBE)', '1111', false),
('111156', 'SAN PABLO DE TENTA', '1111', false),
('111157', 'SAN SEBASTIAN DE YULUC', '1111', false),
('111158', 'SELVA ALEGRE', '1111', false),
('111159', 'URDANETA (PAQUISHAPA)', '1111', false),
('111160', 'SUMAYPAMBA', '1111', false),
('111250', 'SOZORANGA', '1112', false),
('111251', 'NUEVA FATIMA', '1112', false),
('111252', 'TACAMOROS', '1112', false),
('111350', 'ZAPOTILLO', '1113', false),
('111351', 'MANGAHURCO', '1113', false),
('111352', 'GARZAREAL', '1113', false),
('111353', 'LIMONES', '1113', false),
('111354', 'PALETILLAS', '1113', false),
('111355', 'BOLASPAMBA', '1113', false),
('111356', 'CAZADEROS', '1113', false),
('111450', 'PINDAL', '1114', false),
('111451', 'CHAQUINAL', '1114', false),
('111452', '12 DE DICIEMBRE (CAB. EN ACHIOTES)', '1114', false),
('111453', 'MILAGROS', '1114', false),
('111550', 'QUILANGA', '1115', false),
('111551', 'FUNDOCHAMBA', '1115', false),
('111552', 'SAN ANTONIO DE LAS ARADAS (CAB. EN LAS ARADAS)', '1115', false),
('111650', 'OLMEDO', '1116', false),
('111651', 'LA TINGUE', '1116', false),
('120101', 'CLEMENTE BAQUERIZO', '1201', false),
('120102', 'DR. CAMILO PONCE', '1201', false),
('120103', 'BARREIRO', '1201', false),
('120104', 'EL SALTO', '1201', false),
('120150', 'BABAHOYO', '1201', false),
('120151', 'BARREIRO (SANTA RITA)', '1201', false),
('120152', 'CARACOL', '1201', false),
('120153', 'FEBRES CORDERO (LAS JUNTAS) (CAB. EN MATA DE CACAO)', '1201', false),
('120154', 'PIMOCHA', '1201', false),
('120155', 'LA UNION', '1201', false),
('120250', 'BABA', '1202', false),
('120251', 'GUARE', '1202', false),
('120252', 'ISLA DE BEJUCAL', '1202', false),
('120350', 'MONTALVO', '1203', false),
('120351', 'LA ESMERALDA', '1203', false),
('120450', 'PUEBLOVIEJO', '1204', false),
('120451', 'PUERTO PECHICHE', '1204', false),
('120452', 'SAN JUAN', '1204', false),
('120501', 'QUEVEDO', '1205', false),
('120502', 'SAN CAMILO', '1205', false),
('120503', 'SAN JOSE', '1205', false),
('120504', 'GUAYACAN', '1205', false),
('120505', 'NICOLAS INFANTE DIAZ', '1205', false),
('120506', 'SAN CRISTOBAL', '1205', false),
('120507', 'SIETE DE OCTUBRE', '1205', false),
('120508', '24 DE MAYO', '1205', false),
('120509', 'VENUS DEL RIO QUEVEDO', '1205', false),
('120510', 'VIVA ALFARO', '1205', false),
('120550', 'QUEVEDO', '1205', false),
('120551', 'BUENA FE', '1205', false),
('120552', 'MOCACHE', '1205', false),
('120553', 'SAN CARLOS', '1205', false),
('120554', 'VALENCIA', '1205', false),
('120555', 'LA ESPERANZA', '1205', false),
('120650', 'CATARAMA', '1206', false),
('120651', 'RICAURTE', '1206', false),
('120701', '10 DE NOVIEMBRE', '1207', false),
('120750', 'VENTANAS', '1207', false),
('120751', 'QUINSALOMA', '1207', false),
('120752', 'ZAPOTAL', '1207', false),
('120753', 'CHACARITA', '1207', false),
('120754', 'LOS ANGELES', '1207', false),
('120850', 'VINCES', '1208', false),
('120851', 'ANTONIO SOTOMAYOR (CAB. EN PLAYAS DE VINCES)', '1208', false),
('120852', 'PALENQUE', '1208', false),
('120950', 'PALENQUE', '1209', false),
('121001', 'SAN JACINTO DE BUENA FÉ', '1210', false),
('121002', '7 DE AGOSTO', '1210', false),
('121003', '11 DE OCTUBRE', '1210', false),
('121050', 'SAN JACINTO DE BUENA FE', '1210', false),
('121051', 'PATRICIA PILAR', '1210', false),
('121150', 'VALENCIA', '1211', false),
('121250', 'MOCACHE', '1212', false),
('121350', 'QUINSALOMA', '1213', false),
('130101', 'PORTOVIEJO', '1301', false),
('130102', '12 DE MARZO', '1301', false),
('130103', 'COLON', '1301', false),
('130104', 'PICOAZA', '1301', false),
('130105', 'SAN PABLO', '1301', false),
('130106', 'ANDRES DE VERA', '1301', false),
('130107', 'FRANCISCO PACHECO', '1301', false),
('130108', '18 DE OCTUBRE', '1301', false),
('130109', 'SIMÓN BOLÍVAR', '1301', false),
('130150', 'PORTOVIEJO', '1301', false),
('130151', 'ABDON CALDERON (SAN FRANCISCO)', '1301', false),
('130152', 'ALHAJUELA (BAJO GRANDE)', '1301', false),
('130153', 'CRUCITA', '1301', false),
('130154', 'PUEBLO NUEVO', '1301', false),
('130155', 'RIOCHICO (RIO CHICO)', '1301', false),
('130156', 'SAN PLACIDO', '1301', false),
('130157', 'CHIRIJOS', '1301', false),
('130250', 'CALCETA', '1302', false),
('130251', 'MEMBRILLO', '1302', false),
('130252', 'QUIROGA', '1302', false),
('130301', 'CHONE', '1303', false),
('130302', 'SANTA RITA', '1303', false),
('130350', 'CHONE', '1303', false),
('130351', 'BOYACA', '1303', false),
('130352', 'CANUTO', '1303', false),
('130353', 'CONVENTO', '1303', false),
('130354', 'CHIBUNGA', '1303', false),
('130355', 'ELOY ALFARO', '1303', false),
('130356', 'RICAURTE', '1303', false),
('130357', 'SAN ANTONIO', '1303', false),
('130401', 'EL CARMEN', '1304', false),
('130404', '4 DE DICIEMBRE', '1304', false),
('130450', 'EL CARMEN', '1304', false),
('130451', 'WILFRIDO LOOR MOREIRA (MAICITO)', '1304', false),
('130452', 'SAN PEDRO DE SUMA', '1304', false),
('130550', 'FLAVIO ALFARO', '1305', false),
('130551', 'SAN FRANCISCO DE NOVILLO (CAB. EN NOVILLO)', '1305', false),
('130552', 'ZAPALLO', '1305', false),
('130601', 'DR. MIGUEL MORAN LUCIO', '1306', false),
('130602', 'MANUEL INOCENCIO PARRALES Y GUALE', '1306', false),
('130603', 'SAN LORENZO DE JIPIJAPA', '1306', false),
('130650', 'JIPIJAPA', '1306', false),
('130651', 'AMERICA', '1306', false),
('130652', 'EL ANEGADO (CAB. EN ELOY ALFARO)', '1306', false),
('130653', 'JULCUY', '1306', false),
('130654', 'LA UNION', '1306', false),
('130655', 'MACHALILLA', '1306', false),
('130656', 'MEMBRILLAL', '1306', false),
('130657', 'PEDRO PABLO GOMEZ', '1306', false),
('130658', 'PUERTO DE CAYO', '1306', false),
('130659', 'PUERTO LOPEZ', '1306', false),
('130750', 'JUNIN', '1307', false),
('130801', 'LOS ESTEROS', '1308', false),
('130802', 'MANTA', '1308', false),
('130803', 'SAN MATEO', '1308', false),
('130804', 'TARQUI', '1308', false),
('130805', 'ELOY ALFARO', '1308', false),
('130850', 'MANTA', '1308', false),
('130851', 'SAN LORENZO', '1308', false),
('130852', 'SANTA MARIANITA (BOCA DE PACOCHE)', '1308', false),
('130901', 'ANIBAL SAN ANDRES', '1309', false),
('130902', 'MONTECRISTI', '1309', false),
('130903', 'EL COLORADO', '1309', false),
('130904', 'GENERAL ELOY ALFARO', '1309', false),
('130905', 'LEONIDAS PROAÑO', '1309', false),
('130950', 'MONTECRISTI', '1309', false),
('130951', 'JARAMIJO', '1309', false),
('130952', 'LA PILA', '1309', false),
('131050', 'PAJAN', '1310', false),
('131051', 'CAMPOZANO (LA PALMA DE PAJAN)', '1310', false),
('131052', 'CASCOL', '1310', false),
('131053', 'GUALE', '1310', false),
('131054', 'LASCANO', '1310', false),
('131150', 'PICHINCHA', '1311', false),
('131151', 'BARRAGANETE', '1311', false),
('131152', 'SAN SEBASTIAN', '1311', false),
('131250', 'ROCAFUERTE', '1312', false),
('131301', 'SANTA ANA', '1313', false),
('131302', 'LODANA', '1313', false),
('131350', 'SANTA ANA DE VUELTA LARGA', '1313', false),
('131351', 'AYACUCHO', '1313', false),
('131352', 'HONORATO VASQUEZ (CAB. EN VASQUEZ)', '1313', false),
('131353', 'LA UNION', '1313', false),
('131354', 'OLMEDO', '1313', false),
('131355', 'SAN PABLO (CAB. EN PUEBLO NUEVO)', '1313', false),
('131401', 'BAHIA DE CARAQUEZ', '1314', false),
('131402', 'LEONIDAS PLAZA GUTIERREZ', '1314', false),
('131450', 'BAHIA DE CARAQUEZ', '1314', false),
('131451', 'CANOA', '1314', false),
('131452', 'COJIMIES', '1314', false),
('131453', 'CHARAPOTO', '1314', false),
('131454', '10 DE AGOSTO', '1314', false),
('131455', 'JAMA', '1314', false),
('131456', 'PEDERNALES', '1314', false),
('131457', 'SAN ISIDRO', '1314', false),
('131458', 'SAN VICENTE', '1314', false),
('131550', 'TOSAGUA', '1315', false),
('131551', 'BACHILLERO', '1315', false),
('131552', 'ANGEL PEDRO GILER (LA ESTANCILLA)', '1315', false),
('131650', 'SUCRE', '1316', false),
('131651', 'BELLAVISTA', '1316', false),
('131652', 'NOBOA', '1316', false),
('131653', 'ARQ. SIXTO DURAN BALLEN', '1316', false),
('131750', 'PEDERNALES', '1317', false),
('131751', 'COJIMIES', '1317', false),
('131752', '10 DE AGOSTO', '1317', false),
('131753', 'ATAHUALPA', '1317', false),
('131850', 'OLMEDO', '1318', false),
('131950', 'PUERTO LOPEZ', '1319', false),
('131951', 'MACHALILLA', '1319', false),
('131952', 'SALANGO', '1319', false),
('132050', 'JAMA', '1320', false),
('132150', 'JARAMIJO', '1321', false),
('132250', 'SAN VICENTE', '1322', false),
('132251', 'CANOA', '1322', false),
('140150', 'MACAS', '1401', false),
('140151', 'ALSHI (CAB. EN 9 DE OCTUBRE)', '1401', false),
('140152', 'CHIGUAZA', '1401', false),
('140153', 'GENERAL PROAÑO', '1401', false),
('140154', 'HUASAGA (CAB. EN WAMPUIK)', '1401', false),
('140155', 'MACUMA', '1401', false),
('140156', 'SAN ISIDRO', '1401', false),
('140157', 'SEVILLA DON BOSCO', '1401', false),
('140158', 'SINAI', '1401', false),
('140159', 'TAISHA', '1401', false),
('140160', 'ZUÑA (ZUÑAC)', '1401', false),
('140161', 'TUUTINENTZA', '1401', false),
('140162', 'CUCHAENTZA', '1401', false),
('140163', 'SAN JOSE DE MORONA', '1401', false),
('140164', 'RIO BLANCO', '1401', false),
('140201', 'GUALAQUIZA', '1402', false),
('140202', 'MERCEDES MOLINA', '1402', false),
('140250', 'GUALAQUIZA', '1402', false),
('140251', 'AMAZONAS (ROSARIO DE CUYES)', '1402', false),
('140252', 'BERMEJOS', '1402', false),
('140253', 'BOMBOIZA', '1402', false),
('140254', 'CHIGÜINDA', '1402', false),
('140255', 'EL ROSARIO', '1402', false),
('140256', 'NUEVA TARQUI', '1402', false),
('140257', 'SAN MIGUEL DE CUYES', '1402', false),
('140258', 'EL IDEAL', '1402', false),
('140350', 'GENERAL LEONIDAS PLAZA GUTIERREZ (LIMON)', '1403', false),
('140351', 'INDANZA', '1403', false),
('140352', 'PAN DE AZUCAR', '1403', false),
('140353', 'SAN ANTONIO (CAB. EN SAN ANTONIO CENTRO)', '1403', false),
('140354', 'SAN CARLOS DE LIMON (SAN CARLOS DEL ZAMORA)', '1403', false),
('140355', 'SAN JUAN BOSCO', '1403', false),
('140356', 'SAN MIGUEL DE CONCHAY', '1403', false),
('140357', 'SANTA SUSANA DE CHIVIAZA (CAB. EN CHIVIAZA)', '1403', false),
('140358', 'YUNGANZA (CAB. EN EL ROSARIO)', '1403', false),
('140450', 'PALORA (METZERA)', '1404', false),
('140451', 'ARAPICOS', '1404', false),
('140452', 'CUMANDA (CAB. EN COLONIA AGRICOLA SEVILLA DEL ORO)', '1404', false),
('140453', 'HUAMBOYA', '1404', false),
('140454', 'SANGAY (CAB. EN NAYAMANACA)', '1404', false),
('140455', '16 DE AGOSTO', '1404', false),
('140550', 'SANTIAGO DE MENDEZ', '1405', false),
('140551', 'COPAL', '1405', false),
('140552', 'CHUPIANZA', '1405', false),
('140553', 'PATUCA', '1405', false),
('140554', 'SAN LUIS DE EL ACHO (CAB. EN EL ANCHO)', '1405', false),
('140555', 'SANTIAGO', '1405', false),
('140556', 'TAYUZA', '1405', false),
('140557', 'SAN FRANCISCO DE CHINIMBIMI', '1405', false),
('140650', 'SUCUA', '1406', false),
('140651', 'ASUNCION', '1406', false),
('140652', 'HUAMBI', '1406', false),
('140653', 'LOGROÑO', '1406', false),
('140654', 'YAUPI', '1406', false),
('140655', 'SANTA MARIANITA DE JESUS', '1406', false),
('140750', 'HUAMBOYA', '1407', false),
('140751', 'CHIGUAZA', '1407', false),
('140752', 'PABLO SEXTO', '1407', false),
('140850', 'SAN JUAN BOSCO', '1408', false),
('140851', 'PAN DE AZUCAR', '1408', false),
('140852', 'SAN CARLOS DE LIMON', '1408', false),
('140853', 'SAN JACINTO DE WAKAMBEIS', '1408', false),
('140854', 'SANTIAGO DE PANANZA', '1408', false),
('140950', 'TAISHA', '1409', false),
('140951', 'HUASAGA (CAB. EN WAMPUIK)', '1409', false),
('140952', 'MACUMA', '1409', false),
('140953', 'TUUTINENTZA', '1409', false),
('140954', 'PUMPUENTSA', '1409', false),
('141050', 'LOGROÑO', '1410', false),
('141051', 'YAUPI', '1410', false),
('141052', 'SHIMPIS', '1410', false),
('141150', 'PABLO SEXTO', '1411', false),
('141250', 'SANTIAGO', '1412', false),
('141251', 'SAN JOSE DE MORONA', '1412', false),
('150150', 'TENA', '1501', false),
('150151', 'AHUANO', '1501', false),
('150152', 'CARLOS JULIO AROSEMENA TOLA (ZATZA-YACU)', '1501', false),
('150153', 'CHONTAPUNTA', '1501', false),
('150154', 'PANO', '1501', false),
('150155', 'PUERTO MISAHUALLI', '1501', false),
('150156', 'PUERTO NAPO', '1501', false),
('150157', 'TALAG', '1501', false),
('150158', 'SAN JUAN DE MUYUNA', '1501', false),
('150350', 'ARCHIDONA', '1503', false),
('150351', 'AVILA', '1503', false),
('150352', 'COTUNDO', '1503', false),
('150353', 'LORETO', '1503', false),
('150354', 'SAN PABLO DE USHPAYACU', '1503', false),
('150355', 'PUERTO MURIALDO', '1503', false),
('150356', 'HATUN SUMAKU', '1503', false),
('150450', 'EL CHACO', '1504', false),
('150451', 'GONZALO DIAZ DE PINEDA (EL BOMBON)', '1504', false),
('150452', 'LINARES', '1504', false),
('150453', 'OYACACHI', '1504', false),
('150454', 'SANTA ROSA', '1504', false),
('150455', 'SARDINAS', '1504', false),
('150750', 'BAEZA', '1507', false),
('150751', 'COSANGA', '1507', false),
('150752', 'CUYUJA', '1507', false),
('150753', 'PAPALLACTA', '1507', false),
('150754', 'SAN FRANCISCO DE BORJA (VIRGILIO DAVILA)', '1507', false),
('150755', 'SAN JOSE DE PAYAMINO', '1507', false),
('150756', 'SUMACO', '1507', false),
('150950', 'CARLOS JULIO AROSEMENA T.', '1509', false),
('160150', 'PUYO', '1601', false),
('160151', 'ARAJUNO', '1601', false),
('160152', 'CANELOS', '1601', false),
('160153', 'CURARAY', '1601', false),
('160154', 'DIEZ DE AGOSTO', '1601', false),
('160155', 'FATIMA', '1601', false),
('160156', 'MONTALVO (ANDOAS)', '1601', false),
('160157', 'POMONA', '1601', false),
('160158', 'RIO CORRIENTES', '1601', false),
('160159', 'RIO TIGRE', '1601', false),
('160160', 'SANTA CLARA', '1601', false),
('160161', 'SARAYACU', '1601', false),
('160162', 'SIMON BOLIVAR (CAB. EN MUSHULLACTA)', '1601', false),
('160163', 'TARQUI', '1601', false),
('160164', 'TENIENTE HUGO ORTIZ', '1601', false),
('160165', 'VERACRUZ (CAB. EN INDILLAMA)', '1601', false),
('160166', 'EL TRIUNFO', '1601', false),
('160250', 'MERA', '1602', false),
('160251', 'MADRE TIERRA', '1602', false),
('160252', 'SHELL', '1602', false),
('160350', 'SANTA CLARA', '1603', false),
('160351', 'SAN JOSE', '1603', false),
('160450', 'ARAJUNO', '1604', false),
('160451', 'CURARAY', '1604', false),
('170101', 'BELISARIO QUEVEDO', '1701', false),
('170102', 'CARCELEN', '1701', false),
('170103', 'CENTRO HISTORICO', '1701', false),
('170104', 'COCHAPAMBA', '1701', false),
('170105', 'COMITÉ DEL PUEBLO', '1701', false),
('170106', 'COTOCOLLAO', '1701', false),
('170107', 'CHILIBULO', '1701', false),
('170108', 'CHILLOGALLO', '1701', false),
('170109', 'CHIMBACALLE', '1701', false),
('170110', 'EL CONDADO', '1701', false),
('170111', 'GUAMANI', '1701', false),
('170112', 'IÑAQUITO', '1701', false),
('170113', 'ITCHIMBIA', '1701', false),
('170114', 'JIPIJAPA', '1701', false),
('170115', 'KENNEDY', '1701', false),
('170116', 'LA ARGELIA', '1701', false),
('170117', 'LA CONCEPCION', '1701', false),
('170118', 'LA ECUATORIANA', '1701', false),
('170119', 'LA FERROVIARIA', '1701', false),
('170120', 'LA LIBERTAD', '1701', false),
('170121', 'LA MAGDALENA', '1701', false),
('170122', 'LA MENA', '1701', false),
('170123', 'MARISCAL SUCRE', '1701', false),
('170124', 'PONCEANO', '1701', false),
('170125', 'PUENGASI', '1701', false),
('170126', 'QUITUMBE', '1701', false),
('170127', 'RUMIPAMBA', '1701', false),
('170128', 'SAN BARTOLO ', '1701', false),
('170129', 'SAN ISIDRO DEL INCA', '1701', false),
('170130', 'SAN JUAN', '1701', false),
('170131', 'SOLANDA', '1701', false),
('170132', 'TURUBAMBA', '1701', false),
('170150', 'QUITO DISTRITO METROPOLITANO', '1701', false),
('170151', 'ALANGASI', '1701', false),
('170152', 'AMAGUAÑA', '1701', false),
('170153', 'ATAHUALPA (HABASPAMBA)', '1701', false),
('170154', 'CALACALI', '1701', false),
('170155', 'CALDERON (CARAPUNGO)', '1701', false),
('170156', 'CONOCOTO', '1701', false),
('170157', 'CUMBAYA', '1701', false),
('170158', 'CHAVEZPAMBA', '1701', false),
('170159', 'CHECA (CHILPA)', '1701', false),
('170160', 'EL QUINCHE', '1701', false),
('170161', 'GUALEA', '1701', false),
('170162', 'GUANGOPOLO', '1701', false),
('170163', 'GUAYLLABAMBA', '1701', false),
('170164', 'LA MERCED', '1701', false),
('170165', 'LLANO CHICO', '1701', false),
('170166', 'LLOA', '1701', false),
('170167', 'MINDO', '1701', false),
('170168', 'NANEGAL', '1701', false),
('170169', 'NANEGALITO', '1701', false),
('170170', 'NAYON', '1701', false),
('170171', 'NONO', '1701', false),
('170172', 'PACTO', '1701', false),
('170173', 'PEDRO VICENTE MALDONADO', '1701', false),
('170174', 'PERUCHO', '1701', false),
('170175', 'PIFO', '1701', false),
('170176', 'PINTAG', '1701', false),
('170177', 'POMASQUI', '1701', false),
('170178', 'PUELLARO', '1701', false),
('170179', 'PUEMBO', '1701', false),
('170180', 'SAN ANTONIO', '1701', false),
('170181', 'SAN JOSE DE MINAS', '1701', false),
('170182', 'SAN MIGUEL DE LOS BANCOS', '1701', false),
('170183', 'TABABELA', '1701', false),
('170184', 'TUMBACO', '1701', false),
('170185', 'YARUQUI', '1701', false),
('170186', 'ZAMBIZA', '1701', false),
('170187', 'PUERTO QUITO', '1701', false),
('170201', 'AYORA', '1702', false),
('170202', 'CAYAMBE', '1702', false),
('170203', 'JUAN MONTALVO', '1702', false),
('170250', 'CAYAMBE', '1702', false),
('170251', 'ASCAZUBI', '1702', false),
('170252', 'CANGAHUA', '1702', false),
('170253', 'OLMEDO (PESILLO)', '1702', false),
('170254', 'OTON', '1702', false),
('170255', 'SANTA ROSA DE CUZUBAMBA', '1702', false),
('170256', 'SAN JOSE DE AYORA', '1702', false),
('170350', 'MACHACHI', '1703', false),
('170351', 'ALOAG', '1703', false),
('170352', 'ALOASI', '1703', false),
('170353', 'CUTUGLAHUA', '1703', false),
('170354', 'EL CHAUPI', '1703', false),
('170355', 'MANUEL CORNEJO ASTORGA (TANDAPI)', '1703', false),
('170356', 'TAMBILLO', '1703', false),
('170357', 'UYUMBICHO', '1703', false),
('170450', 'TABACUNDO', '1704', false),
('170451', 'LA ESPERANZA', '1704', false),
('170452', 'MALCHINGUI', '1704', false),
('170453', 'TOCACHI', '1704', false),
('170454', 'TUPIGACHI', '1704', false),
('170501', 'SANGOLQUI', '1705', false),
('170502', 'SAN PEDRO DE TABOADA', '1705', false),
('170503', 'SAN RAFAEL', '1705', false),
('170550', 'SANGOLQUI', '1705', false),
('170551', 'COTOGCHOA', '1705', false),
('170552', 'RUMIPAMBA', '1705', false),
('170750', 'SAN MIGUEL DE LOS BANCOS', '1707', false),
('170751', 'MINDO', '1707', false),
('170752', 'PEDRO VICENTE MALDONADO', '1707', false),
('170753', 'PUERTO QUITO', '1707', false),
('170850', 'PEDRO VICENTE MALDONADO', '1708', false),
('170950', 'PUERTO QUITO', '1709', false),
('180101', 'ATOCHA - FICOA', '1801', false),
('180102', 'CELIANO MONGE', '1801', false),
('180103', 'HUACHI CHICO', '1801', false),
('180104', 'HUACHI LORETO', '1801', false),
('180105', 'LA MERCED', '1801', false),
('180106', 'LA PENINSULA', '1801', false),
('180107', 'LA MATRIZ', '1801', false),
('180108', 'PISHILATA', '1801', false),
('180109', 'SAN FRANCISCO', '1801', false),
('180150', 'AMBATO', '1801', false),
('180151', 'AMBATILLO', '1801', false),
('180152', 'ATAHUALPA (CHISALATA)', '1801', false),
('180153', 'AUGUSTO N. MARTINEZ (MUNDUGLEO)', '1801', false),
('180154', 'CONSTANTINO FERNANDEZ (CAB. EN CULLITAHUA)', '1801', false),
('180155', 'HUACHI GRANDE', '1801', false),
('180156', 'IZAMBA', '1801', false),
('180157', 'JUAN BENIGNO VELA', '1801', false),
('180158', 'MONTALVO', '1801', false),
('180159', 'PASA', '1801', false),
('180160', 'PICAIGUA', '1801', false),
('180161', 'PILAGUIN (PILAHUIN)', '1801', false),
('180162', 'QUISAPINCHA (QUIZAPINCHA)', '1801', false),
('180163', 'SAN BARTOLOME DE PINLLOG', '1801', false),
('180164', 'SAN FERNANDO (PASA SAN FERNANDO)', '1801', false),
('180165', 'SANTA ROSA', '1801', false),
('180166', 'TOTORAS', '1801', false),
('180167', 'CUNCHIBAMBA', '1801', false),
('180168', 'UNAMUNCHO', '1801', false),
('180250', 'BAÑOS DE AGUA SANTA', '1802', false),
('180251', 'LLIGUA', '1802', false),
('180252', 'RIO NEGRO', '1802', false),
('180253', 'RIO VERDE', '1802', false),
('180254', 'ULBA', '1802', false),
('180350', 'CEVALLOS', '1803', false),
('180450', 'MOCHA', '1804', false),
('180451', 'PINGUILI', '1804', false),
('180550', 'PATATE', '1805', false),
('180551', 'EL TRIUNFO', '1805', false),
('180552', 'LOS ANDES (CAB. EN POATUG)', '1805', false),
('180553', 'SUCRE (CAB. EN SUCRE-PATATE URCU)', '1805', false),
('180650', 'QUERO', '1806', false),
('180651', 'RUMIPAMBA', '1806', false),
('180652', 'YANAYACU - MOCHAPATA (CAB. EN YANAYACU)', '1806', false),
('180701', 'PELILEO', '1807', false),
('180702', 'PELILEO GRANDE', '1807', false),
('180750', 'PELILEO', '1807', false),
('180751', 'BENITEZ (PACHANLICA)', '1807', false),
('180752', 'BOLIVAR', '1807', false),
('180753', 'COTALO', '1807', false),
('180754', 'CHIQUICHA (CAB. EN CHIQUICHA GRANDE)', '1807', false),
('180755', 'EL ROSARIO (RUMICHACA)', '1807', false),
('180756', 'GARCIA MORENO (CHUMAQUI)', '1807', false),
('180757', 'GUAMBALO (HUAMBALO)', '1807', false),
('180758', 'SALASACA', '1807', false),
('180801', 'CIUDAD NUEVA', '1808', false),
('180802', 'PILLARO', '1808', false),
('180850', 'PILLARO', '1808', false),
('180851', 'BAQUERIZO MORENO', '1808', false),
('180852', 'EMILIO MARIA TERAN (RUMIPAMBA)', '1808', false),
('180853', 'MARCOS ESPINEL (CHACATA)', '1808', false),
('180854', 'PRESIDENTE URBINA (CHAGRAPAMBA-PATZUCUL)', '1808', false),
('180855', 'SAN ANDRES', '1808', false),
('180856', 'SAN JOSE DE POALO', '1808', false),
('180857', 'SAN MIGUELITO', '1808', false),
('180950', 'TISALEO', '1809', false),
('180951', 'QUINCHICOTO', '1809', false),
('190101', 'LIMON', '1901', false),
('190102', 'ZAMORA', '1901', false),
('190150', 'ZAMORA', '1901', false),
('190151', 'CUMBARATZA', '1901', false),
('190152', 'GUADALUPE', '1901', false),
('190153', 'IMBANA (LA VICTORIA DE IMBANA)', '1901', false),
('190154', 'PAQUISHA', '1901', false),
('190155', 'SABANILLA', '1901', false),
('190156', 'TIMBARA', '1901', false),
('190157', 'ZUMBI', '1901', false),
('190158', 'SAN CARLOS DE LAS MINAS', '1901', false),
('190250', 'ZUMBA', '1902', false),
('190251', 'CHITO', '1902', false),
('190252', 'EL CHORRO', '1902', false),
('190253', 'EL PORVENIR DEL CARMEN', '1902', false),
('190254', 'LA CHONTA', '1902', false),
('190255', 'PALANDA', '1902', false),
('190256', 'PUCAPAMBA', '1902', false),
('190257', 'SAN FRANCISCO DE VERGEL', '1902', false),
('190258', 'VALLADOLID', '1902', false),
('190259', 'SAN ANDRÉS', '1902', false),
('190350', 'GUAYZIMI', '1903', false),
('190351', 'ZURMI', '1903', false),
('190352', 'NUEVO PARAISO', '1903', false),
('190450', '28 DE MAYO (SAN JOSE DE YACUAMBI)', '1904', false),
('190451', 'LA PAZ', '1904', false),
('190452', 'TUTUPALI', '1904', false),
('190550', 'YANTZAZA (YANZATZA)', '1905', false),
('190551', 'CHICAÑA', '1905', false),
('190552', 'EL PANGUI', '1905', false),
('190553', 'LOS ENCUENTROS', '1905', false),
('190650', 'EL PANGUI', '1906', false),
('190651', 'EL GUISMI', '1906', false),
('190652', 'PACHICUTZA', '1906', false),
('190653', 'TUNDAYME', '1906', false),
('190750', 'ZUMBI', '1907', false),
('190751', 'PAQUISHA', '1907', false),
('190752', 'TRIUNFO-DORADO', '1907', false),
('190753', 'PANGUINTZA', '1907', false),
('190850', 'PALANDA', '1908', false),
('190851', 'EL PORVENIR DEL CARMEN', '1908', false),
('190852', 'SAN FRANCISCO DE VERGEL', '1908', false),
('190853', 'VALLADOLID', '1908', false),
('190854', 'LA CANELA', '1908', false),
('190950', 'PAQUISHA', '1909', false),
('190951', 'BELLAVISTA', '1909', false),
('190952', 'NUEVO QUITO', '1909', false),
('200150', 'PUERTO BAQUERIZO MORENO', '2001', false),
('200151', 'EL PROGRESO', '2001', false),
('200152', 'ISLA SANTA MARIA (FLOREANA) (CAB. EN PTO. VELASCO IBARRA)', '2001', false),
('200250', 'PUERTO VILLAMIL', '2002', false),
('200251', 'TOMAS DE BERLANGA (SANTO TOMAS)', '2002', false),
('200350', 'PUERTO AYORA', '2003', false),
('200351', 'BELLAVISTA', '2003', false),
('200352', 'SANTA ROSA (INCLUYE LA ISLA BALTRA)', '2003', false),
('210150', 'NUEVA LOJA', '2101', false),
('210151', 'CUYABENO', '2101', false),
('210152', 'DURENO', '2101', false),
('210153', 'GENERAL FARFAN', '2101', false),
('210154', 'TARAPOA', '2101', false),
('210155', 'EL ENO', '2101', false),
('210156', 'PACAYACU', '2101', false),
('210157', 'JAMBELI', '2101', false),
('210158', 'SANTA CECILIA', '2101', false),
('210159', 'AGUAS NEGRAS', '2101', false),
('210160', '10 DE AGOSTO', '2101', false),
('210250', 'LUMBAQUI (EL DORADO DE CASCALES)', '2102', false),
('210251', 'EL REVENTADOR', '2102', false),
('210252', 'GONZALO PIZARRO', '2102', false),
('210253', 'LUMBAQUI', '2102', false),
('210254', 'PUERTO LIBRE', '2102', false),
('210255', 'SANTA ROSA DE SUCUMBIOS', '2102', false),
('210350', 'PUERTO EL CARMEN DEL PUTUMAYO', '2103', false),
('210351', 'PALMA ROJA', '2103', false),
('210352', 'PUERTO BOLIVAR (PUERTO MONTUFAR)', '2103', false),
('210353', 'PUERTO RODRIGUEZ', '2103', false),
('210354', 'SANTA ELENA', '2103', false),
('210450', 'SHUSHUFINDI', '2104', false),
('210451', 'LIMONCOCHA', '2104', false),
('210452', 'PAÑACOCHA', '2104', false),
('210453', 'SAN ROQUE (CAB. EN SAN VICENTE)', '2104', false),
('210454', 'SAN PEDRO DE LOS COFANES', '2104', false),
('210455', 'SIETE DE JULIO', '2104', false),
('210550', 'LA BONITA', '2105', false),
('210551', 'EL PLAYON DE SAN FRANCISCO', '2105', false),
('210552', 'LA SOFIA', '2105', false),
('210553', 'ROSA FLORIDA', '2105', false),
('210554', 'SANTA BARBARA', '2105', false),
('210650', 'EL DORADO DE CASCALES', '2106', false),
('210651', 'SANTA ROSA DE SUCUMBIOS', '2106', false),
('210652', 'SEVILLA', '2106', false),
('210750', 'TARAPOA', '2107', false),
('210751', 'CUYABENO', '2107', false),
('210752', 'AGUAS NEGRAS', '2107', false),
('220150', 'PUERTO FRANCISCO DE ORELLANA (EL COCA)', '2201', false),
('220151', 'DAYUMA', '2201', false),
('220152', 'TARACOA (NUEVA ESPERANZA: YUCA)', '2201', false),
('220153', 'ALEJANDRO LABAKA', '2201', false),
('220154', 'EL DORADO', '2201', false),
('220155', 'EL EDEN', '2201', false),
('220156', 'GARCIA MORENO', '2201', false),
('220157', 'INES ARANGO (CAB. EN WESTERN)', '2201', false),
('220158', 'LA BELLEZA', '2201', false),
('220159', 'NUEVO PARAISO (CAB. EN UNION CHIMBORAZO)', '2201', false),
('220160', 'SAN JOSE DE GUAYUSA', '2201', false),
('220161', 'SAN LUIS DE ARMENIA', '2201', false),
('220250', 'NUEVO ROCAFUERTE', '2202', false),
('220251', 'CAPITAN AUGUSTO RIVADENEIRA', '2202', false),
('220252', 'CONONACO', '2202', false),
('220253', 'SANTA MARIA DE HUIRIRIMA', '2202', false),
('220254', 'TIPUTINI', '2202', false),
('220255', 'YASUNI', '2202', false),
('220350', 'LA JOYA DE LOS SACHAS', '2203', false),
('220351', 'ENOKANQUI', '2203', false),
('220352', 'POMPEYA', '2203', false),
('220353', 'SAN CARLOS', '2203', false),
('220354', 'SAN SEBASTIAN DEL COCA', '2203', false),
('220355', 'LAGO SAN PEDRO', '2203', false),
('220356', 'RUMIPAMBA', '2203', false),
('220357', 'TRES DE NOVIEMBRE', '2203', false),
('220358', 'UNION MILAGREÑA', '2203', false),
('220450', 'LORETO', '2204', false),
('220451', 'AVILA (CAB. EN HUIRUNO)', '2204', false),
('220452', 'PUERTO MURIALDO', '2204', false),
('220453', 'SAN JOSE DEL PAYAMINO', '2204', false),
('220454', 'SAN JOSE DE DAHUANO', '2204', false),
('220455', 'SAN VICENTE DE HUATICOCHA', '2204', false),
('230101', 'ABRAHAM CALAZACÓN', '2301', false),
('230102', 'BOMBOLI', '2301', false),
('230103', 'CHIGUILPE', '2301', false),
('230104', 'RÍO TOACHI', '2301', false),
('230105', 'RÍO VERDE', '2301', false),
('230106', 'SANTO DOMINGO DE LOS COLORADOS', '2301', false),
('230107', 'ZARACAY', '2301', false),
('230150', 'SANTO DOMINGO DE LOS COLORADOS', '2301', false),
('230151', 'ALLURIQUÍN', '2301', false),
('230152', 'PUERTO LIMÓN', '2301', false),
('230153', 'LUZ DE AMÉRICA', '2301', false),
('230154', 'SAN JACINTO DEL BUA', '2301', false),
('230155', 'VALLE HERMOSO', '2301', false),
('230156', 'EL ESFUERZO', '2301', false),
('230157', 'SANTA MARÍA DEL TOACHI', '2301', false),
('240101', 'BALLENITA', '2401', false),
('240102', 'SANTA ELENA', '2401', false),
('240150', 'SANTA ELENA', '2401', false),
('240151', 'ATAHUALPA', '2401', false),
('240152', 'COLONCHE', '2401', false),
('240153', 'CHANDUY', '2401', false),
('240154', 'MANGLARALTO', '2401', false),
('240155', 'SIMÓN BOLÍVAR (JULIO MORENO)', '2401', false),
('240156', 'SAN JOSÉ DE ANCÓN', '2401', false),
('240250', 'LA LIBERTAD', '2402', false),
('240301', 'CARLOS ESPINOZA LARREA', '2403', false),
('240302', 'GRAL ALBERTO ENRIQUEZ GALLO', '2403', false),
('240303', 'VICENTE ROCAFUERTE', '2403', false),
('240304', 'SANTA ROSA', '2403', false),
('240350', 'SALINAS', '2403', false),
('240351', 'ANCONCITO', '2403', false),
('240352', 'JOSÉ LUIS TAMAYO (MUEY)', '2403', false);
